scenario,sample_id,method,iter,elapsed_ms,iter_ms,cost,best_cost,terminal_q_error,success,stop
"leap_hand",0,"TetraPGA",0,0,0,5205.706802792,5205.706802792,3.225060091,0,nan
"leap_hand",0,"TetraPGA",1,2.721312,2.721312,91.713068536,91.713068536,0.028128724,0,5197.404681507
"leap_hand",0,"TetraPGA",2,4.907704,2.186392,8.303309027,8.303309027,0.003628142,1,83.410947636
"leap_hand",0,"TetraPGA",3,7.071064,2.16336,8.302120898,8.302120898,0.00359995,1,0.001188129
"leap_hand",0,"TetraPGA",4,9.237052,2.165988,8.302120898,8.302120898,0.00359995,1,0
"leap_hand",0,"Pinocchio",0,0,0,6178.084008308,6178.084008308,3.225060091,0,nan
"leap_hand",0,"Pinocchio",1,2.721964,2.721964,5700.819237267,5700.819237267,2.335656419,0,6169.781886941
"leap_hand",0,"Pinocchio",2,5.087324,2.36536,3554.885452653,3554.885452653,1.748207199,0,5692.517115832
"leap_hand",0,"Pinocchio",3,7.200938,2.113614,1078.665840981,1078.665840981,0.886455118,0,3546.583331401
"leap_hand",0,"Pinocchio",4,9.294331,2.093393,250.994020245,250.994020245,0.45629099,0,1070.363719912
"leap_hand",0,"Pinocchio",5,11.148742,1.854411,30.674599557,30.674599557,0.054207339,0,242.691899248
"leap_hand",0,"Pinocchio",6,13.029053,1.880311,9.150907639,9.150907639,0.017360905,0,22.372478565
"leap_hand",0,"Pinocchio",7,14.89968,1.870627,8.327251006,8.327251006,0.004509099,1,0.84878667
"leap_hand",0,"Pinocchio",8,16.750683,1.851003,8.302123443,8.302123443,0.003600753,1,0.025130039
"leap_hand",0,"Pinocchio",9,18.581912,1.831229,8.302120966,8.302120966,0.00359995,1,0.000002476
"leap_hand",0,"CasADi",0,0,0,6178.084008308,6178.084008308,3.225060091,0,nan
"leap_hand",0,"CasADi",1,5.377678,5.377678,5700.819237266,5700.819237266,2.335656419,0,6169.781886941
"leap_hand",0,"CasADi",2,10.552936,5.175258,3554.885452655,3554.885452655,1.748207199,0,5692.517115832
"leap_hand",0,"CasADi",3,15.45868,4.905744,1078.665840981,1078.665840981,0.886455118,0,3546.583331403
"leap_hand",0,"CasADi",4,20.33978,4.8811,250.994020245,250.994020245,0.45629099,0,1070.363719912
"leap_hand",0,"CasADi",5,25.105613,4.765833,30.674599557,30.674599557,0.054207339,0,242.691899248
"leap_hand",0,"CasADi",6,29.816758,4.711145,9.150907639,9.150907639,0.017360905,0,22.372478565
"leap_hand",0,"CasADi",7,34.528603,4.711845,8.327251006,8.327251006,0.004509099,1,0.84878667
"leap_hand",0,"CasADi",8,39.197597,4.668994,8.302123443,8.302123443,0.003600753,1,0.025130039
"leap_hand",0,"CasADi",9,43.861246,4.663649,8.302120966,8.302120966,0.00359995,1,0.000002476
"leap_hand",1,"TetraPGA",0,0,0,2185.042802118,2185.042802118,2.089430517,0,nan
"leap_hand",1,"TetraPGA",1,2.732498,2.732498,8.266517964,8.266517964,0.006579382,1,2181.558070641
"leap_hand",1,"TetraPGA",2,4.964018,2.23152,3.484736753,3.484736753,0.002332938,1,4.781786649
"leap_hand",1,"TetraPGA",3,7.12933,2.165312,3.484731315,3.484731315,0.002332311,1,0.000005439
"leap_hand",1,"Pinocchio",0,0,0,3164.742701037,3164.742701037,2.089430517,0,nan
"leap_hand",1,"Pinocchio",1,2.685637,2.685637,2923.199592878,2923.199592878,1.548629394,0,3161.257969466
"leap_hand",1,"Pinocchio",2,5.058837,2.3732,2050.3185679,2050.3185679,1.158922706,0,2919.714861389
"leap_hand",1,"Pinocchio",3,7.214825,2.155988,1908.416424874,1908.416424874,0.583897714,0,2046.833836449
"leap_hand",1,"Pinocchio",4,9.43131,2.216485,153.976844004,153.976844004,0.291371046,0,1904.931693429
"leap_hand",1,"Pinocchio",5,11.417469,1.986159,109.886270653,109.886270653,0.039340525,0,150.492112609
"leap_hand",1,"Pinocchio",6,13.346797,1.929328,3.5966983,3.5966983,0.003095452,1,106.401539275
"leap_hand",1,"Pinocchio",7,15.232485,1.885688,3.484734036,3.484734036,0.002331535,1,0.111966923
"leap_hand",1,"Pinocchio",8,17.081633,1.849148,3.484731377,3.484731377,0.002332311,1,0.00000266
"leap_hand",1,"CasADi",0,0,0,3164.742701037,3164.742701037,2.089430517,0,nan
"leap_hand",1,"CasADi",1,5.53649,5.53649,2923.199592873,2923.199592873,1.548629394,0,3161.257969466
"leap_hand",1,"CasADi",2,10.722401,5.185911,2050.318567905,2050.318567905,1.158922706,0,2919.714861384
"leap_hand",1,"CasADi",3,15.6271,4.904699,1908.416424896,1908.416424896,0.583897714,0,2046.833836454
"leap_hand",1,"CasADi",4,20.586439,4.959339,153.976844005,153.976844005,0.291371046,0,1904.931693452
"leap_hand",1,"CasADi",5,25.307324,4.720885,109.886270654,109.886270654,0.039340525,0,150.49211261
"leap_hand",1,"CasADi",6,29.944629,4.637305,3.5966983,3.5966983,0.003095452,1,106.401539276
"leap_hand",1,"CasADi",7,34.559036,4.614407,3.484734036,3.484734036,0.002331535,1,0.111966923
"leap_hand",1,"CasADi",8,39.225924,4.666888,3.484731377,3.484731377,0.002332311,1,0.00000266
"leap_hand",2,"TetraPGA",0,0,0,3706.693698442,3706.693698442,2.721393286,0,nan
"leap_hand",2,"TetraPGA",1,2.62235,2.62235,24.126130479,24.126130479,0.072987909,0,3700.782220555
"leap_hand",2,"TetraPGA",2,4.81687,2.19452,6.074346534,6.074346534,0.002904009,1,18.214652867
"leap_hand",2,"TetraPGA",3,6.958218,2.141348,5.911477781,5.911477781,0.003037833,1,0.162868922
"leap_hand",2,"TetraPGA",4,9.135671,2.177453,5.911477612,5.911477612,0.003037735,1,0.00000017
"leap_hand",2,"Pinocchio",0,0,0,4341.075474755,4341.075474755,2.721393286,0,nan
"leap_hand",2,"Pinocchio",1,2.731631,2.731631,2924.560201662,2924.560201662,2.022162007,0,4335.163996745
"leap_hand",2,"Pinocchio",2,4.93811,2.206479,2462.719323119,2462.719323119,1.042972663,0,2918.648723669
"leap_hand",2,"Pinocchio",3,7.097764,2.159654,1483.333866382,1483.333866382,0.543133627,0,2456.807845235
"leap_hand",2,"Pinocchio",4,8.984115,1.886351,590.303946869,590.303946869,0.04931729,0,1477.422388571
"leap_hand",2,"Pinocchio",5,10.821429,1.837314,153.822968863,153.822968863,0.131718593,0,584.392469112
"leap_hand",2,"Pinocchio",6,12.676691,1.855262,95.426665966,95.426665966,0.027057789,0,147.911491158
"leap_hand",2,"Pinocchio",7,14.563329,1.886638,6.006524336,6.006524336,0.003298052,1,89.515188285
"leap_hand",2,"Pinocchio",8,16.460576,1.897247,5.911477702,5.911477702,0.003037945,1,0.095046658
"leap_hand",2,"Pinocchio",9,18.372361,1.911785,5.911477679,5.911477679,0.003037735,1,0.000000023
"leap_hand",2,"CasADi",0,0,0,4341.075474755,4341.075474755,2.721393286,0,nan
"leap_hand",2,"CasADi",1,5.431485,5.431485,2924.560201643,2924.560201643,2.022162007,0,4335.163996745
"leap_hand",2,"CasADi",2,10.316935,4.88545,2462.719323218,2462.719323218,1.042972663,0,2918.648723651
"leap_hand",2,"CasADi",3,15.263881,4.946946,1483.333866425,1483.333866425,0.543133627,0,2456.807845333
"leap_hand",2,"CasADi",4,19.937302,4.673421,590.303946773,590.303946773,0.04931729,0,1477.422388613
"leap_hand",2,"CasADi",5,24.537894,4.600592,153.822968859,153.822968859,0.131718593,0,584.392469016
"leap_hand",2,"CasADi",6,29.220483,4.682589,95.426665968,95.426665968,0.027057789,0,147.911491154
"leap_hand",2,"CasADi",7,33.947311,4.726828,6.006524336,6.006524336,0.003298052,1,89.515188287
"leap_hand",2,"CasADi",8,38.581914,4.634603,5.911477702,5.911477702,0.003037945,1,0.095046658
"leap_hand",2,"CasADi",9,43.19059,4.608676,5.911477679,5.911477679,0.003037735,1,0.000000023
"leap_hand",3,"TetraPGA",0,0,0,3668.123852645,3668.123852645,2.707197589,0,nan
"leap_hand",3,"TetraPGA",1,2.697307,2.697307,17.424967118,17.424967118,0.012387328,0,3662.273886393
"leap_hand",3,"TetraPGA",2,4.946649,2.249342,5.849989488,5.849989488,0.003016314,1,11.575001138
"leap_hand",3,"TetraPGA",3,7.116786,2.170137,5.849965979,5.849965979,0.003021889,1,0.000023509
"leap_hand",3,"Pinocchio",0,0,0,4716.99829138,4716.99829138,2.707197589,0,nan
"leap_hand",3,"Pinocchio",1,3.143724,3.143724,4141.315458384,4141.315458384,2.534299392,0,4711.148325071
"leap_hand",3,"Pinocchio",2,6.052988,2.909264,3643.301632808,3643.301632808,2.373481173,0,4135.465492111
"leap_hand",3,"Pinocchio",3,8.945291,2.892303,3208.452763209,3208.452763209,2.223513941,0,3637.451666565
"leap_hand",3,"Pinocchio",4,11.873524,2.928233,2827.044037015,2827.044037015,2.083450452,0,3202.602796991
"leap_hand",3,"Pinocchio",5,14.514915,2.641391,2242.325757151,2242.325757151,1.815101907,0,2821.19407082
"leap_hand",3,"Pinocchio",6,17.107336,2.592421,1745.310200228,1745.310200228,1.587258185,0,2236.475790985
"leap_hand",3,"Pinocchio",7,19.444053,2.336717,1077.553331659,1077.553331659,1.187897463,0,1739.460234092
"leap_hand",3,"Pinocchio",8,21.6355,2.191447,376.843663147,376.843663147,0.597560092,0,1071.703365542
"leap_hand",3,"Pinocchio",9,23.567875,1.932375,24.442918613,24.442918613,0.026034135,0,370.99369708
"leap_hand",3,"Pinocchio",10,25.458061,1.890186,6.684281773,6.684281773,0.005193502,1,18.592952579
"leap_hand",3,"Pinocchio",11,27.365113,1.907052,5.850362879,5.850362879,0.003031255,1,0.834315747
"leap_hand",3,"Pinocchio",12,29.286529,1.921416,5.849966026,5.849966026,0.003021893,1,0.000396853
"leap_hand",3,"Pinocchio",13,31.172829,1.8863,5.849966026,5.849966026,0.003021889,1,0
"leap_hand",3,"CasADi",0,0,0,4716.99829138,4716.99829138,2.707197589,0,nan
"leap_hand",3,"CasADi",1,6.089425,6.089425,4141.315458384,4141.315458384,2.534299392,0,4711.148325071
"leap_hand",3,"CasADi",2,11.902445,5.81302,3643.301632808,3643.301632808,2.373481173,0,4135.465492111
"leap_hand",3,"CasADi",3,17.611352,5.708907,3208.452763209,3208.452763209,2.223513941,0,3637.451666565
"leap_hand",3,"CasADi",4,23.362807,5.751455,2827.044037015,2827.044037015,2.083450452,0,3202.602796991
"leap_hand",3,"CasADi",5,28.884234,5.521427,2242.32575715,2242.32575715,1.815101907,0,2821.19407082
"leap_hand",3,"CasADi",6,34.309285,5.425051,1745.310200227,1745.310200227,1.587258185,0,2236.475790984
"leap_hand",3,"CasADi",7,39.53354,5.224255,1077.553331661,1077.553331661,1.187897463,0,1739.460234091
"leap_hand",3,"CasADi",8,44.490982,4.957442,376.843663147,376.843663147,0.597560092,0,1071.703365544
"leap_hand",3,"CasADi",9,49.144466,4.653484,24.442918614,24.442918614,0.026034135,0,370.99369708
"leap_hand",3,"CasADi",10,53.786453,4.641987,6.684281773,6.684281773,0.005193502,1,18.59295258
"leap_hand",3,"CasADi",11,58.40257,4.616117,5.850362879,5.850362879,0.003031255,1,0.834315747
"leap_hand",3,"CasADi",12,63.092824,4.690254,5.849966026,5.849966026,0.003021893,1,0.000396853
"leap_hand",3,"CasADi",13,67.742033,4.649209,5.849966026,5.849966026,0.003021889,1,0
"leap_hand",4,"TetraPGA",0,0,0,3890.940493787,3890.940493787,2.788208543,0,nan
"leap_hand",4,"TetraPGA",1,2.690576,2.690576,798.148419446,798.148419446,0.066902682,0,3884.735176985
"leap_hand",4,"TetraPGA",2,4.900566,2.20999,6.215478792,6.215478792,0.0030578,1,791.943102927
"leap_hand",4,"TetraPGA",3,7.089794,2.189228,6.205316525,6.205316525,0.00311231,1,0.010162279
"leap_hand",4,"TetraPGA",4,9.310862,2.221068,6.205316514,6.205316514,0.003112317,1,0.000000011
"leap_hand",4,"Pinocchio",0,0,0,5004.813681086,5004.813681086,2.788208543,0,nan
"leap_hand",4,"Pinocchio",1,3.033913,3.033913,4103.424234696,4103.424234696,2.405762161,0,4998.608364113
"leap_hand",4,"Pinocchio",2,5.45204,2.418127,5499.358335743,4103.424234696,1.756252191,0,4097.218917837
"leap_hand",4,"Pinocchio",3,7.875657,2.423617,3962.490601745,3962.490601745,1.313762612,0,5493.153018995
"leap_hand",4,"Pinocchio",4,10.025699,2.150042,1823.602543564,1823.602543564,0.715613925,0,3956.285285066
"leap_hand",4,"Pinocchio",5,12.178866,2.153167,289.449657644,289.449657644,0.366372991,0,1817.397226942
"leap_hand",4,"Pinocchio",6,14.143207,1.964341,92.494522881,92.494522881,0.022403998,0,283.244341055
"leap_hand",4,"Pinocchio",7,16.020164,1.876957,6.24341901,6.24341901,0.003094189,1,86.289206307
"leap_hand",4,"Pinocchio",8,17.870569,1.850405,6.205316764,6.205316764,0.00311334,1,0.038102438
"leap_hand",4,"Pinocchio",9,19.719153,1.848584,6.205316572,6.205316572,0.003112317,1,0.000000192
"leap_hand",4,"CasADi",0,0,0,5004.813681086,5004.813681086,2.788208543,0,nan
"leap_hand",4,"CasADi",1,5.850555,5.850555,4103.424234701,4103.424234701,2.405762161,0,4998.608364113
"leap_hand",4,"CasADi",2,11.092155,5.2416,5499.358335761,4103.424234701,1.756252191,0,4097.218917842
"leap_hand",4,"CasADi",3,16.264196,5.172041,3962.490601738,3962.490601738,1.313762612,0,5493.153019012
"leap_hand",4,"CasADi",4,21.168459,4.904263,1823.602543567,1823.602543567,0.715613925,0,3956.285285059
"leap_hand",4,"CasADi",5,26.163267,4.994808,289.449657643,289.449657643,0.366372991,0,1817.397226945
"leap_hand",4,"CasADi",6,30.836506,4.673239,92.494522883,92.494522883,0.022403998,0,283.244341054
"leap_hand",4,"CasADi",7,35.489719,4.653213,6.243419011,6.243419011,0.003094189,1,86.289206308
"leap_hand",4,"CasADi",8,40.107204,4.617485,6.205316764,6.205316764,0.00311334,1,0.038102438
"leap_hand",4,"CasADi",9,44.720198,4.612994,6.205316572,6.205316572,0.003112317,1,0.000000192
"leap_hand",5,"TetraPGA",0,0,0,3028.191013467,3028.191013467,2.459742201,0,nan
"leap_hand",5,"TetraPGA",1,2.60707,2.60707,271.271830706,271.271830706,0.068836289,0,3023.361619491
"leap_hand",5,"TetraPGA",2,4.868839,2.261769,4.843881113,4.843881113,0.002782581,1,266.442436955
"leap_hand",5,"TetraPGA",3,7.053395,2.184556,4.82939375,4.82939375,0.002745669,1,0.014487363
"leap_hand",5,"TetraPGA",4,9.228124,2.174729,4.82939375,4.82939375,0.002745669,1,0
"leap_hand",5,"Pinocchio",0,0,0,4330.991922437,4330.991922437,2.459742201,0,nan
"leap_hand",5,"Pinocchio",1,2.960747,2.960747,3348.164340253,3348.164340253,2.132921822,0,4326.162528362
"leap_hand",5,"Pinocchio",2,5.350146,2.389399,2515.869710913,2515.869710913,1.55693252,0,3343.334946242
"leap_hand",5,"Pinocchio",3,7.451683,2.101537,3579.500647526,2515.869710913,0.753451257,0,2511.040316931
"leap_hand",5,"Pinocchio",4,9.571119,2.119436,379.941582738,379.941582738,0.377835301,0,3574.671253593
"leap_hand",5,"Pinocchio",5,11.674352,2.103233,61.107821719,61.107821719,0.193042611,0,375.112188884
"leap_hand",5,"Pinocchio",6,13.552821,1.878469,41.00816535,41.00816535,0.013965167,0,56.27842789
"leap_hand",5,"Pinocchio",7,15.41491,1.862089,4.829898737,4.829898737,0.002742733,1,36.178771532
"leap_hand",5,"Pinocchio",8,17.293178,1.878268,4.829393819,4.829393819,0.002745671,1,0.000504918
"leap_hand",5,"Pinocchio",9,19.142597,1.849419,4.829393819,4.829393819,0.002745669,1,0
"leap_hand",5,"CasADi",0,0,0,4330.991922437,4330.991922437,2.459742201,0,nan
"leap_hand",5,"CasADi",1,5.720832,5.720832,3348.164340255,3348.164340255,2.132921822,0,4326.162528362
"leap_hand",5,"CasADi",2,10.955483,5.234651,2515.869710899,2515.869710899,1.55693252,0,3343.334946244
"leap_hand",5,"CasADi",3,15.866304,4.910821,3579.500647526,2515.869710899,0.753451257,0,2511.040316917
"leap_hand",5,"CasADi",4,20.716557,4.850253,379.941582738,379.941582738,0.377835301,0,3574.671253592
"leap_hand",5,"CasADi",5,25.609099,4.892542,61.107821719,61.107821719,0.193042611,0,375.112188883
"leap_hand",5,"CasADi",6,30.251533,4.642434,41.00816535,41.00816535,0.013965167,0,56.27842789
"leap_hand",5,"CasADi",7,34.825481,4.573948,4.829898737,4.829898737,0.002742733,1,36.178771531
"leap_hand",5,"CasADi",8,39.439709,4.614228,4.829393819,4.829393819,0.002745671,1,0.000504918
"leap_hand",5,"CasADi",9,44.01112,4.571411,4.829393819,4.829393819,0.002745669,1,0
"leap_hand",6,"TetraPGA",0,0,0,2495.751176457,2495.751176457,2.233050791,0,nan
"leap_hand",6,"TetraPGA",1,2.574333,2.574333,235.058077082,235.058077082,0.068910403,0,2491.770923679
"leap_hand",6,"TetraPGA",2,4.746242,2.171909,4.107131199,4.107131199,0.002585369,1,231.077824489
"leap_hand",6,"TetraPGA",3,6.887948,2.141706,3.980252618,3.980252618,0.002492625,1,0.126878606
"leap_hand",6,"TetraPGA",4,9.050497,2.162549,3.980252593,3.980252593,0.002492626,1,0.000000025
"leap_hand",6,"Pinocchio",0,0,0,3558.389306682,3558.389306682,2.233050791,0,nan
"leap_hand",6,"Pinocchio",1,2.469894,2.469894,4589.282242333,3558.389306682,1.094332711,0,3554.409053847
"leap_hand",6,"Pinocchio",2,4.905095,2.435201,2029.268290981,2029.268290981,0.816039828,0,4585.301989456
"leap_hand",6,"Pinocchio",3,7.052565,2.14747,1070.689970559,1070.689970559,0.401810303,0,2025.288038211
"leap_hand",6,"Pinocchio",4,8.932661,1.880096,43.963638397,43.963638397,0.030355688,0,1066.709717868
"leap_hand",6,"Pinocchio",5,10.796299,1.863638,6.98610921,6.98610921,0.003970475,1,39.983385753
"leap_hand",6,"Pinocchio",6,12.623198,1.826899,3.980270164,3.980270164,0.002496329,1,3.005856569
"leap_hand",6,"Pinocchio",7,14.499853,1.876655,3.980252641,3.980252641,0.002492623,1,0.000017523
"leap_hand",6,"CasADi",0,0,0,3558.389306682,3558.389306682,2.233050791,0,nan
"leap_hand",6,"CasADi",1,5.408581,5.408581,4589.28224249,3558.389306682,1.094332711,0,3554.409053847
"leap_hand",6,"CasADi",2,10.579009,5.170428,2029.268291041,2029.268291041,0.816039828,0,4585.301989613
"leap_hand",6,"CasADi",3,15.447043,4.868034,1070.689970575,1070.689970575,0.401810303,0,2025.288038271
"leap_hand",6,"CasADi",4,20.119997,4.672954,43.963638398,43.963638398,0.030355688,0,1066.709717884
"leap_hand",6,"CasADi",5,24.740123,4.620126,6.98610921,6.98610921,0.003970475,1,39.983385754
"leap_hand",6,"CasADi",6,29.306667,4.566544,3.980270164,3.980270164,0.002496329,1,3.005856569
"leap_hand",6,"CasADi",7,33.926992,4.620325,3.980252641,3.980252641,0.002492623,1,0.000017523
"leap_hand",7,"TetraPGA",0,0,0,3846.641920447,3846.641920447,2.772291154,0,nan
"leap_hand",7,"TetraPGA",1,2.645009,2.645009,79.18867016,79.18867016,0.018485984,0,3840.50725152
"leap_hand",7,"TetraPGA",2,4.831064,2.186055,6.140989903,6.140989903,0.003031808,1,73.054001518
"leap_hand",7,"TetraPGA",3,6.971181,2.140117,6.134668645,6.134668645,0.003094578,1,0.006321263
"leap_hand",7,"TetraPGA",4,9.094423,2.123242,6.134668641,6.134668641,0.00309455,1,0.000000005
"leap_hand",7,"Pinocchio",0,0,0,4458.283884612,4458.283884612,2.772291154,0,nan
"leap_hand",7,"Pinocchio",1,2.911052,2.911052,3481.230528387,3481.230528387,2.415300558,0,4452.149215567
"leap_hand",7,"Pinocchio",2,5.543593,2.632541,2790.019654354,2790.019654354,2.107240353,0,3475.09585944
"leap_hand",7,"Pinocchio",3,7.893879,2.350286,2641.658959428,2641.658959428,1.560730503,0,2783.884985475
"leap_hand",7,"Pinocchio",4,10.240958,2.347079,1710.780099264,1710.780099264,1.166081136,0,2635.524290627
"leap_hand",7,"Pinocchio",5,12.324278,2.08332,749.396330072,749.396330072,0.579907418,0,1704.645430506
"leap_hand",7,"Pinocchio",6,14.392692,2.068414,76.687034339,76.687034339,0.297734676,0,743.261661354
"leap_hand",7,"Pinocchio",7,16.234662,1.84197,33.103735953,33.103735953,0.0182341,0,70.552365645
"leap_hand",7,"Pinocchio",8,18.07084,1.836178,6.138931481,6.138931481,0.003167545,1,26.969067264
"leap_hand",7,"Pinocchio",9,19.945034,1.874194,6.13466881,6.13466881,0.00309491,1,0.004262793
"leap_hand",7,"Pinocchio",10,21.827897,1.882863,6.134668688,6.134668688,0.00309455,1,0.000000122
"leap_hand",7,"CasADi",0,0,0,4458.283884612,4458.283884612,2.772291154,0,nan
"leap_hand",7,"CasADi",1,5.707427,5.707427,3481.230528387,3481.230528387,2.415300558,0,4452.149215567
"leap_hand",7,"CasADi",2,11.149083,5.441656,2790.019654354,2790.019654354,2.107240353,0,3475.09585944
"leap_hand",7,"CasADi",3,16.255641,5.106558,2641.658959426,2641.658959426,1.560730503,0,2783.884985475
"leap_hand",7,"CasADi",4,21.358389,5.102748,1710.780099264,1710.780099264,1.166081136,0,2635.524290624
"leap_hand",7,"CasADi",5,26.273412,4.915023,749.396330073,749.396330073,0.579907418,0,1704.645430506
"leap_hand",7,"CasADi",6,31.173029,4.899617,76.687034338,76.687034338,0.297734676,0,743.261661355
"leap_hand",7,"CasADi",7,35.79663,4.623601,33.103735953,33.103735953,0.0182341,0,70.552365644
"leap_hand",7,"CasADi",8,40.404012,4.607382,6.138931481,6.138931481,0.003167545,1,26.969067264
"leap_hand",7,"CasADi",9,45.040525,4.636513,6.13466881,6.13466881,0.00309491,1,0.004262793
"leap_hand",7,"CasADi",10,49.635786,4.595261,6.134668688,6.134668688,0.00309455,1,0.000000122
"leap_hand",8,"TetraPGA",0,0,0,2580.398165483,2580.398165483,2.270603596,0,nan
"leap_hand",8,"TetraPGA",1,2.609702,2.609702,25.701828425,25.701828425,0.019733605,0,2576.28291671
"leap_hand",8,"TetraPGA",2,4.75932,2.149618,4.116267057,4.116267057,0.002535742,1,21.586579843
"leap_hand",8,"TetraPGA",3,6.882658,2.123338,4.115248581,4.115248581,0.002534544,1,0.001018475
"leap_hand",8,"TetraPGA",4,9.048109,2.165451,4.115248581,4.115248581,0.002534545,1,0
"leap_hand",8,"Pinocchio",0,0,0,3776.690129841,3776.690129841,2.270603596,0,nan
"leap_hand",8,"Pinocchio",1,2.68718,2.68718,3790.875745841,3776.690129841,1.576795859,0,3772.574880953
"leap_hand",8,"Pinocchio",2,5.012034,2.324854,2301.383956684,2301.383956684,1.186709077,0,3786.760496972
"leap_hand",8,"Pinocchio",3,7.156845,2.144811,489.400207142,489.400207142,0.583559807,0,2297.268707892
"leap_hand",8,"Pinocchio",4,9.565949,2.409104,286.525151726,286.525151726,0.440337789,0,485.284958435
"leap_hand",8,"Pinocchio",5,11.675826,2.109877,97.355762429,97.355762429,0.228310559,0,282.409903036
"leap_hand",8,"Pinocchio",6,13.599555,1.923729,8.178653885,8.178653885,0.017991437,0,93.240513746
"leap_hand",8,"Pinocchio",7,15.466977,1.867422,4.120703883,4.120703883,0.00246199,1,4.063405213
"leap_hand",8,"Pinocchio",8,17.324973,1.857996,4.115250275,4.115250275,0.002529849,1,0.005455213
"leap_hand",8,"Pinocchio",9,19.200148,1.875175,4.11524867,4.11524867,0.002534543,1,0.000001605
"leap_hand",8,"CasADi",0,0,0,3776.690129841,3776.690129841,2.270603596,0,nan
"leap_hand",8,"CasADi",1,5.31722,5.31722,3790.875745865,3776.690129841,1.576795859,0,3772.574880953
"leap_hand",8,"CasADi",2,10.468239,5.151019,2301.383956688,2301.383956688,1.186709077,0,3786.760496997
"leap_hand",8,"CasADi",3,15.36655,4.898311,489.400207172,489.400207172,0.583559807,0,2297.268707896
"leap_hand",8,"CasADi",4,20.452296,5.085746,286.525151744,286.525151744,0.440337789,0,485.284958466
"leap_hand",8,"CasADi",5,25.358264,4.905968,97.355762434,97.355762434,0.228310559,0,282.409903054
"leap_hand",8,"CasADi",6,30.027179,4.668915,8.178653885,8.178653885,0.017991437,0,93.24051375
"leap_hand",8,"CasADi",7,34.624538,4.597359,4.120703883,4.120703883,0.00246199,1,4.063405213
"leap_hand",8,"CasADi",8,39.205892,4.581354,4.115250275,4.115250275,0.002529849,1,0.005455213
"leap_hand",8,"CasADi",9,43.871512,4.66562,4.11524867,4.11524867,0.002534543,1,0.000001605
"leap_hand",9,"TetraPGA",0,0,0,4132.57914916,4132.57914916,2.873482451,0,nan
"leap_hand",9,"TetraPGA",1,2.68573,2.68573,386.808944676,386.808944676,0.07645303,0,4125.988464241
"leap_hand",9,"TetraPGA",2,4.884908,2.199178,6.803708251,6.803708251,0.003334185,1,380.218260062
"leap_hand",9,"TetraPGA",3,7.082261,2.197353,6.590684621,6.590684621,0.00320751,1,0.213023639
"leap_hand",9,"TetraPGA",4,9.247539,2.165278,6.590684612,6.590684612,0.003207504,1,0.000000009
"leap_hand",9,"Pinocchio",0,0,0,5087.416369831,5087.416369831,2.873482451,0,nan
"leap_hand",9,"Pinocchio",1,2.824316,2.824316,3391.235507705,3391.235507705,2.082144025,0,5080.82568484
"leap_hand",9,"Pinocchio",2,4.988488,2.164172,1605.731008515,1605.731008515,1.020003961,0,3384.644822799
"leap_hand",9,"Pinocchio",3,7.166681,2.178193,617.153167369,617.153167369,0.51616856,0,1599.140323705
"leap_hand",9,"Pinocchio",4,9.078466,1.911785,27.244949384,27.244949384,0.025702002,0,610.562482646
"leap_hand",9,"Pinocchio",5,10.942897,1.864431,6.69233905,6.69233905,0.004486903,1,20.654264701
"leap_hand",9,"Pinocchio",6,12.823198,1.880301,6.59140407,6.59140407,0.003165664,1,0.101654374
"leap_hand",9,"Pinocchio",7,14.687595,1.864397,6.590684739,6.590684739,0.003207184,1,0.000719395
"leap_hand",9,"Pinocchio",8,16.56064,1.873045,6.590684675,6.590684675,0.003207504,1,0.000000063
"leap_hand",9,"CasADi",0,0,0,5087.416369831,5087.416369831,2.873482451,0,nan
"leap_hand",9,"CasADi",1,5.656958,5.656958,3391.235507719,3391.235507719,2.082144025,0,5080.82568484
"leap_hand",9,"CasADi",2,10.662266,5.005308,1605.731008548,1605.731008548,1.020003961,0,3384.644822813
"leap_hand",9,"CasADi",3,15.644584,4.982318,617.153167369,617.153167369,0.51616856,0,1599.140323738
"leap_hand",9,"CasADi",4,20.325399,4.680815,27.244949384,27.244949384,0.025702002,0,610.562482647
"leap_hand",9,"CasADi",5,24.954976,4.629577,6.69233905,6.69233905,0.004486903,1,20.654264701
"leap_hand",9,"CasADi",6,29.577656,4.62268,6.59140407,6.59140407,0.003165664,1,0.101654374
"leap_hand",9,"CasADi",7,34.172215,4.594559,6.590684739,6.590684739,0.003207184,1,0.000719395
"leap_hand",9,"CasADi",8,38.920128,4.747913,6.590684675,6.590684675,0.003207504,1,0.000000063
"leap_hand",10,"TetraPGA",0,0,0,4285.550954917,4285.550954917,2.926181705,0,nan
"leap_hand",10,"TetraPGA",1,2.639778,2.639778,42.778400208,42.778400208,0.014494913,0,4278.716308797
"leap_hand",10,"TetraPGA",2,4.837758,2.19798,6.834839983,6.834839983,0.003279728,1,35.943754405
"leap_hand",10,"TetraPGA",3,7.002914,2.165156,6.834645802,6.834645802,0.003266328,1,0.000194181
"leap_hand",10,"TetraPGA",4,9.160418,2.157504,6.834645802,6.834645802,0.003266329,1,0
"leap_hand",10,"Pinocchio",0,0,0,5193.133625794,5193.133625794,2.926181705,0,nan
"leap_hand",10,"Pinocchio",1,3.100742,3.100742,4554.804441339,4554.804441339,2.737822914,0,5186.298979581
"leap_hand",10,"Pinocchio",2,5.71497,2.614228,4003.995287221,4003.995287221,2.56274324,0,4547.969795173
"leap_hand",10,"Pinocchio",3,8.082989,2.368019,3361.354407863,3361.354407863,2.219140319,0,3997.160641094
"leap_hand",10,"Pinocchio",4,10.648256,2.565267,2619.279681524,2619.279681524,1.93771135,0,3354.51976178
"leap_hand",10,"Pinocchio",5,13.285348,2.637092,2013.499949699,2013.499949699,1.695877359,0,2612.445035481
"leap_hand",10,"Pinocchio",6,15.655589,2.370241,1160.002178348,1160.002178348,1.276468165,0,2006.665303694
"leap_hand",10,"Pinocchio",7,17.823263,2.167674,476.403418126,476.403418126,0.67258278,0,1153.167532383
"leap_hand",10,"Pinocchio",8,19.72265,1.899387,202.534667161,202.534667161,0.101657023,0,469.568772226
"leap_hand",10,"Pinocchio",9,21.585216,1.862566,156.701144176,156.701144176,0.043460639,0,195.700021206
"leap_hand",10,"Pinocchio",10,23.445455,1.860239,8.101307384,8.101307384,0.00423279,1,149.8664983
"leap_hand",10,"Pinocchio",11,25.307985,1.86253,6.834681214,6.834681214,0.003266243,1,1.266661515
"leap_hand",10,"Pinocchio",12,27.199098,1.891113,6.834645869,6.834645869,0.003266329,1,0.000035345
"leap_hand",10,"CasADi",0,0,0,5193.133625794,5193.133625794,2.926181705,0,nan
"leap_hand",10,"CasADi",1,5.838306,5.838306,4554.804441339,4554.804441339,2.737822914,0,5186.298979581
"leap_hand",10,"CasADi",2,11.287601,5.449295,4003.995287221,4003.995287221,2.56274324,0,4547.969795173
"leap_hand",10,"CasADi",3,16.461171,5.17357,3361.354407859,3361.354407859,2.219140319,0,3997.160641094
"leap_hand",10,"CasADi",4,21.826261,5.36509,2619.279681522,2619.279681522,1.93771135,0,3354.519761777
"leap_hand",10,"CasADi",5,27.232348,5.406087,2013.499949697,2013.499949697,1.695877359,0,2612.445035479
"leap_hand",10,"CasADi",6,32.394701,5.162353,1160.002178347,1160.002178347,1.276468165,0,2006.665303692
"leap_hand",10,"CasADi",7,37.331033,4.936332,476.403418125,476.403418125,0.67258278,0,1153.167532383
"leap_hand",10,"CasADi",8,42.054867,4.723834,202.534667162,202.534667162,0.101657023,0,469.568772225
"leap_hand",10,"CasADi",9,46.667204,4.612337,156.70114418,156.70114418,0.043460639,0,195.700021207
"leap_hand",10,"CasADi",10,51.314678,4.647474,8.101307384,8.101307384,0.00423279,1,149.866498304
"leap_hand",10,"CasADi",11,55.951826,4.637148,6.834681214,6.834681214,0.003266243,1,1.266661515
"leap_hand",10,"CasADi",12,60.557419,4.605593,6.834645869,6.834645869,0.003266329,1,0.000035345
"leap_hand",11,"TetraPGA",0,0,0,3713.640473423,3713.640473423,2.723942196,0,nan
"leap_hand",11,"TetraPGA",1,2.594621,2.594621,1187.930673799,1187.930673799,0.140843928,0,3707.717916739
"leap_hand",11,"TetraPGA",2,4.808134,2.213513,8.429849411,8.429849411,0.004284085,1,1182.008117384
"leap_hand",11,"TetraPGA",3,6.975447,2.167313,5.922557916,5.922557916,0.003040415,1,2.507293003
"leap_hand",11,"TetraPGA",4,9.176723,2.201276,5.922556408,5.922556408,0.00304058,1,0.000001507
"leap_hand",11,"Pinocchio",0,0,0,4464.346779464,4464.346779464,2.723942196,0,nan
"leap_hand",11,"Pinocchio",1,3.001472,3.001472,3507.33372283,3507.33372283,2.379549467,0,4458.424222619
"leap_hand",11,"Pinocchio",2,5.392126,2.390654,2119.176584514,2119.176584514,1.787094678,0,3501.41116606
"leap_hand",11,"Pinocchio",3,7.508849,2.116723,868.326891165,868.326891165,0.915963972,0,2113.254027835
"leap_hand",11,"Pinocchio",4,9.65032,2.141471,283.106988615,283.106988615,0.47779372,0,862.404334568
"leap_hand",11,"Pinocchio",5,11.520545,1.870225,46.287783562,46.287783562,0.076157371,0,277.184432068
"leap_hand",11,"Pinocchio",6,13.397219,1.876674,15.914580602,15.914580602,0.006285862,1,40.365227044
"leap_hand",11,"Pinocchio",7,15.29904,1.901821,5.923777932,5.923777932,0.003041422,1,9.9920241
"leap_hand",11,"Pinocchio",8,17.182222,1.883182,5.922556726,5.922556726,0.003040449,1,0.001221431
"leap_hand",11,"Pinocchio",9,19.037558,1.855336,5.922556501,5.922556501,0.00304058,1,0.000000225
"leap_hand",11,"CasADi",0,0,0,4464.346779464,4464.346779464,2.723942196,0,nan
"leap_hand",11,"CasADi",1,5.760898,5.760898,3507.333722825,3507.333722825,2.379549467,0,4458.424222619
"leap_hand",11,"CasADi",2,10.963506,5.202608,2119.176584497,2119.176584497,1.787094678,0,3501.411166055
"leap_hand",11,"CasADi",3,15.871035,4.907529,868.32689127,868.32689127,0.915963972,0,2113.254027817
"leap_hand",11,"CasADi",4,20.814136,4.943101,283.106988628,283.106988628,0.47779372,0,862.404334672
"leap_hand",11,"CasADi",5,25.44057,4.626434,46.287783563,46.287783563,0.076157371,0,277.184432081
"leap_hand",11,"CasADi",6,30.116144,4.675574,15.914580601,15.914580601,0.006285862,1,40.365227045
"leap_hand",11,"CasADi",7,34.735567,4.619423,5.923777932,5.923777932,0.003041422,1,9.9920241
"leap_hand",11,"CasADi",8,39.359881,4.624314,5.922556726,5.922556726,0.003040449,1,0.001221431
"leap_hand",11,"CasADi",9,44.034597,4.674716,5.922556501,5.922556501,0.00304058,1,0.000000225
"leap_hand",12,"TetraPGA",0,0,0,3247.297764435,3247.297764435,2.547176362,0,nan
"leap_hand",12,"TetraPGA",1,2.630826,2.630826,53.494929999,53.494929999,0.017762628,0,3242.118936485
"leap_hand",12,"TetraPGA",2,4.816192,2.185366,5.179500636,5.179500636,0.002934603,1,48.316102289
"leap_hand",12,"TetraPGA",3,6.974844,2.158652,5.178827709,5.178827709,0.002843268,1,0.000672928
"leap_hand",12,"TetraPGA",4,9.118075,2.143231,5.178827709,5.178827709,0.002843267,1,0
"leap_hand",12,"Pinocchio",0,0,0,4076.041034399,4076.041034399,2.547176362,0,nan
"leap_hand",12,"Pinocchio",1,2.808194,2.808194,2635.123586406,2635.123586406,1.850552412,0,4070.862206371
"leap_hand",12,"Pinocchio",2,5.011929,2.203735,1290.82485006,1290.82485006,0.92945789,0,2629.944758433
"leap_hand",12,"Pinocchio",3,6.912196,1.900267,907.061454217,907.061454217,0.19651122,0,1285.646022155
"leap_hand",12,"Pinocchio",4,8.75241,1.840214,37.595415954,37.595415954,0.044749995,0,901.882626354
"leap_hand",12,"Pinocchio",5,10.584455,1.832045,5.594098378,5.594098378,0.005506337,1,32.416588163
"leap_hand",12,"Pinocchio",6,12.460295,1.87584,5.178859413,5.178859413,0.002845112,1,0.41527059
"leap_hand",12,"Pinocchio",7,14.316013,1.855718,5.178827788,5.178827788,0.002843267,1,0.000031625
"leap_hand",12,"CasADi",0,0,0,4076.041034399,4076.041034399,2.547176362,0,nan
"leap_hand",12,"CasADi",1,5.58929,5.58929,2635.123586406,2635.123586406,1.850552412,0,4070.862206371
"leap_hand",12,"CasADi",2,10.514268,4.924978,1290.824850061,1290.824850061,0.92945789,0,2629.944758433
"leap_hand",12,"CasADi",3,15.14535,4.631082,907.061454158,907.061454158,0.19651122,0,1285.646022157
"leap_hand",12,"CasADi",4,19.839279,4.693929,37.59541595,37.59541595,0.044749995,0,901.882626296
"leap_hand",12,"CasADi",5,24.484966,4.645687,5.594098378,5.594098378,0.005506337,1,32.416588159
"leap_hand",12,"CasADi",6,29.075963,4.590997,5.178859413,5.178859413,0.002845112,1,0.41527059
"leap_hand",12,"CasADi",7,33.659262,4.583299,5.178827788,5.178827788,0.002843267,1,0.000031625
"leap_hand",13,"TetraPGA",0,0,0,4362.743176955,4362.743176955,2.952417583,0,nan
"leap_hand",13,"TetraPGA",1,2.630694,2.630694,506.257677111,506.257677111,0.255610614,0,4355.785423788
"leap_hand",13,"TetraPGA",2,4.810582,2.179888,47.687175461,47.687175461,0.008508168,1,499.299924261
"leap_hand",13,"TetraPGA",3,6.954402,2.14382,7.084802721,7.084802721,0.003439461,1,40.729422619
"leap_hand",13,"TetraPGA",4,9.073182,2.11878,6.957752852,6.957752852,0.003295668,1,0.127049878
"leap_hand",13,"TetraPGA",5,11.218724,2.145542,6.957752842,6.957752842,0.003295614,1,0.00000001
"leap_hand",13,"Pinocchio",0,0,0,5626.43444466,5626.43444466,2.952417583,0,nan
"leap_hand",13,"Pinocchio",1,3.087504,3.087504,4755.88311917,4755.88311917,2.597124807,0,5619.476691313
"leap_hand",13,"Pinocchio",2,5.488895,2.401391,4591.070434618,4591.070434618,1.981796151,0,4748.925365918
"leap_hand",13,"Pinocchio",3,7.822723,2.333828,2962.622095331,2962.622095331,1.513382499,0,4584.112681481
"leap_hand",13,"Pinocchio",4,10.141859,2.319136,1919.828299161,1919.828299161,1.151842653,0,2955.664342263
"leap_hand",13,"Pinocchio",5,12.235199,2.09334,1696.602927719,1696.602927719,0.617434126,0,1912.870546138
"leap_hand",13,"Pinocchio",6,14.112945,1.877746,73.470448171,73.470448171,0.035982085,0,1689.645174732
"leap_hand",13,"Pinocchio",7,15.972949,1.860004,66.617076978,66.617076978,0.080715682,0,66.512695198
"leap_hand",13,"Pinocchio",8,17.826132,1.853183,17.073041457,17.073041457,0.018475578,0,59.659324039
"leap_hand",13,"Pinocchio",9,19.682575,1.856443,6.958581601,6.958581601,0.003399603,1,10.115288536
"leap_hand",13,"Pinocchio",10,21.546003,1.863428,6.957752933,6.957752933,0.003295587,1,0.000828682
"leap_hand",13,"Pinocchio",11,23.388725,1.842722,6.95775292,6.95775292,0.003295614,1,0.000000013
"leap_hand",13,"CasADi",0,0,0,5626.43444466,5626.43444466,2.952417583,0,nan
"leap_hand",13,"CasADi",1,5.756153,5.756153,4755.883119183,4755.883119183,2.597124807,0,5619.476691314
"leap_hand",13,"CasADi",2,10.988778,5.232625,4591.070434693,4591.070434693,1.981796151,0,4748.92536593
"leap_hand",13,"CasADi",3,16.14186,5.153082,2962.622095318,2962.622095318,1.513382499,0,4584.112681556
"leap_hand",13,"CasADi",4,21.317388,5.175528,1919.828299146,1919.828299146,1.151842653,0,2955.66434225
"leap_hand",13,"CasADi",5,26.243963,4.926575,1696.602927709,1696.602927709,0.617434126,0,1912.870546123
"leap_hand",13,"CasADi",6,30.895694,4.651731,73.470448172,73.470448172,0.035982085,0,1689.645174721
"leap_hand",13,"CasADi",7,35.47886,4.583166,66.617076979,66.617076979,0.080715682,0,66.512695199
"leap_hand",13,"CasADi",8,40.150722,4.671862,17.073041458,17.073041458,0.018475578,0,59.65932404
"leap_hand",13,"CasADi",9,44.767761,4.617039,6.958581601,6.958581601,0.003399603,1,10.115288538
"leap_hand",13,"CasADi",10,49.342328,4.574567,6.957752933,6.957752933,0.003295587,1,0.000828682
"leap_hand",13,"CasADi",11,53.954571,4.612243,6.95775292,6.95775292,0.003295614,1,0.000000013
"leap_hand",14,"TetraPGA",0,0,0,3429.480722501,3429.480722501,2.617653403,0,nan
"leap_hand",14,"TetraPGA",1,2.619846,2.619846,17.509723195,17.509723195,0.009904539,1,3424.011347067
"leap_hand",14,"TetraPGA",2,4.808906,2.18906,5.469396499,5.469396499,0.002925406,1,12.040348015
"leap_hand",14,"TetraPGA",3,6.960451,2.151545,5.469375179,5.469375179,0.002921936,1,0.00002132
"leap_hand",14,"Pinocchio",0,0,0,4307.286327047,4307.286327047,2.617653403,0,nan
"leap_hand",14,"Pinocchio",1,2.388716,2.388716,6302.563637352,4307.286327047,1.237436223,0,4301.816951522
"leap_hand",14,"Pinocchio",2,4.244352,1.855636,704.834539787,704.834539787,0.09024934,0,6297.09426152
"leap_hand",14,"Pinocchio",3,6.343789,2.099437,180.926628225,180.926628225,0.054571676,0,699.365164491
"leap_hand",14,"Pinocchio",4,8.214774,1.870985,5.642149201,5.642149201,0.004082884,1,175.457252953
"leap_hand",14,"Pinocchio",5,10.072602,1.857828,5.470227447,5.470227447,0.002855047,1,0.17277394
"leap_hand",14,"Pinocchio",6,11.918004,1.845402,5.46937542,5.46937542,0.002919422,1,0.000852187
"leap_hand",14,"Pinocchio",7,13.768102,1.850098,5.46937526,5.46937526,0.002921936,1,0.000000159
"leap_hand",14,"CasADi",0,0,0,4307.286327047,4307.286327047,2.617653403,0,nan
"leap_hand",14,"CasADi",1,5.387085,5.387085,6302.563637345,4307.286327047,1.237436223,0,4301.816951522
"leap_hand",14,"CasADi",2,10.20563,4.818545,704.83453979,704.83453979,0.09024934,0,6297.094261512
"leap_hand",14,"CasADi",3,15.109521,4.903891,180.926628226,180.926628226,0.054571676,0,699.365164493
"leap_hand",14,"CasADi",4,19.661147,4.551626,5.642149201,5.642149201,0.004082884,1,175.457252954
"leap_hand",14,"CasADi",5,24.296241,4.635094,5.470227447,5.470227447,0.002855047,1,0.17277394
"leap_hand",14,"CasADi",6,28.897619,4.601378,5.46937542,5.46937542,0.002919422,1,0.000852187
"leap_hand",14,"CasADi",7,33.490467,4.592848,5.46937526,5.46937526,0.002921936,1,0.000000159
"leap_hand",15,"TetraPGA",0,0,0,3283.341241646,3283.341241646,2.561273582,0,nan
"leap_hand",15,"TetraPGA",1,2.614339,2.614339,387.040063984,387.040063984,0.061429389,0,3278.104931143
"leap_hand",15,"TetraPGA",2,4.810117,2.195778,5.24749728,5.24749728,0.002888852,1,381.803753723
"leap_hand",15,"TetraPGA",3,6.968174,2.158057,5.23631026,5.23631026,0.002859001,1,0.011187021
"leap_hand",15,"TetraPGA",4,9.120753,2.152579,5.236310259,5.236310259,0.002859003,1,0
"leap_hand",15,"Pinocchio",0,0,0,4564.979004499,4564.979004499,2.561273582,0,nan
"leap_hand",15,"Pinocchio",1,3.215709,3.215709,4022.400755687,4022.400755687,2.401605152,0,4559.7426939
"leap_hand",15,"Pinocchio",2,5.822965,2.607256,3242.853730486,3242.853730486,2.104759669,0,4017.164445123
"leap_hand",15,"Pinocchio",3,8.191842,2.368877,1951.828682052,1951.828682052,1.573925654,0,3237.617419975
"leap_hand",15,"Pinocchio",4,10.54939,2.357548,1503.577495765,1503.577495765,1.166365948,0,1946.592371619
"leap_hand",15,"Pinocchio",5,12.882394,2.333004,991.033498716,991.033498716,0.879811962,0,1498.341185377
"leap_hand",15,"Pinocchio",6,15.236232,2.353838,568.507261782,568.507261782,0.66238892,0,985.797188335
"leap_hand",15,"Pinocchio",7,17.355031,2.118799,232.456956972,232.456956972,0.350595657,0,563.27095142
"leap_hand",15,"Pinocchio",8,19.216493,1.861462,87.921846131,87.921846131,0.035788567,0,227.220646584
"leap_hand",15,"Pinocchio",9,21.037603,1.82111,14.614019368,14.614019368,0.006049392,1,82.685535807
"leap_hand",15,"Pinocchio",10,22.886666,1.849063,5.242263204,5.242263204,0.00289451,1,9.377709049
"leap_hand",15,"Pinocchio",11,24.730321,1.843655,5.236310426,5.236310426,0.002858806,1,0.005952886
"leap_hand",15,"Pinocchio",12,26.581394,1.851073,5.236310318,5.236310318,0.002859003,1,0.000000108
"leap_hand",15,"CasADi",0,0,0,4564.979004499,4564.979004499,2.561273582,0,nan
"leap_hand",15,"CasADi",1,5.98574,5.98574,4022.400755687,4022.400755687,2.401605152,0,4559.7426939
"leap_hand",15,"CasADi",2,11.363975,5.378235,3242.853730495,3242.853730495,2.104759669,0,4017.164445122
"leap_hand",15,"CasADi",3,16.477688,5.113713,1951.828682035,1951.828682035,1.573925654,0,3237.617419983
"leap_hand",15,"CasADi",4,21.618138,5.14045,1503.577495774,1503.577495774,1.166365948,0,1946.592371602
"leap_hand",15,"CasADi",5,26.728391,5.110253,991.033498718,991.033498718,0.879811962,0,1498.341185385
"leap_hand",15,"CasADi",6,31.857135,5.128744,568.507261783,568.507261783,0.66238892,0,985.797188337
"leap_hand",15,"CasADi",7,36.733224,4.876089,232.456956974,232.456956974,0.350595657,0,563.270951421
"leap_hand",15,"CasADi",8,41.344714,4.61149,87.921846133,87.921846133,0.035788567,0,227.220646586
"leap_hand",15,"CasADi",9,45.957871,4.613157,14.614019368,14.614019368,0.006049392,1,82.685535809
"leap_hand",15,"CasADi",10,50.555577,4.597706,5.242263204,5.242263204,0.00289451,1,9.377709049
"leap_hand",15,"CasADi",11,55.277546,4.721969,5.236310426,5.236310426,0.002858806,1,0.005952886
"leap_hand",15,"CasADi",12,60.069173,4.791627,5.236310318,5.236310318,0.002859003,1,0.000000108
"leap_hand",16,"TetraPGA",0,0,0,4710.584248939,4710.584248939,3.067858657,0,nan
"leap_hand",16,"TetraPGA",1,2.762732,2.762732,181.752395384,181.752395384,0.049534085,0,4703.071754816
"leap_hand",16,"TetraPGA",2,4.993002,2.23027,7.535635868,7.535635868,0.003395025,1,174.239901608
"leap_hand",16,"TetraPGA",3,7.172096,2.179094,7.512493779,7.512493779,0.003424449,1,0.023142096
"leap_hand",16,"TetraPGA",4,9.347489,2.175393,7.512493773,7.512493773,0.003424475,1,0.000000006
"leap_hand",16,"Pinocchio",0,0,0,5798.333841045,5798.333841045,3.067858657,0,nan
"leap_hand",16,"Pinocchio",1,2.680542,2.680542,3870.067850191,3870.067850191,2.290166258,0,5790.821346821
"leap_hand",16,"Pinocchio",2,5.081583,2.401041,2517.669015452,2517.669015452,1.722871005,0,3862.555356092
"leap_hand",16,"Pinocchio",3,7.228583,2.147,1049.92743286,1049.92743286,0.888115429,0,2510.156521438
"leap_hand",16,"Pinocchio",4,9.113037,1.884454,481.534660023,481.534660023,0.068017365,0,1042.41493893
"leap_hand",16,"Pinocchio",5,11.425767,2.31273,270.529678202,270.529678202,0.051590623,0,474.022166132
"leap_hand",16,"Pinocchio",6,13.569387,2.14362,65.803032098,65.803032098,0.042753817,0,263.017184324
"leap_hand",16,"Pinocchio",7,15.489599,1.920212,7.601233129,7.601233129,0.004990504,1,58.290538224
"leap_hand",16,"Pinocchio",8,17.36236,1.872761,7.515070044,7.515070044,0.003285283,1,0.088739262
"leap_hand",16,"Pinocchio",9,19.217774,1.855414,7.51249602,7.51249602,0.003415051,1,0.002576178
"leap_hand",16,"Pinocchio",10,21.060835,1.843061,7.512493866,7.512493866,0.00342447,1,0.000002153
"leap_hand",16,"CasADi",0,0,0,5798.333841045,5798.333841045,3.067858657,0,nan
"leap_hand",16,"CasADi",1,5.496283,5.496283,3870.067850185,3870.067850185,2.290166258,0,5790.821346821
"leap_hand",16,"CasADi",2,10.792866,5.296583,2517.669015449,2517.669015449,1.722871005,0,3862.555356085
"leap_hand",16,"CasADi",3,15.72252,4.929654,1049.927432854,1049.927432854,0.888115429,0,2510.156521436
"leap_hand",16,"CasADi",4,20.385337,4.662817,481.534660012,481.534660012,0.068017365,0,1042.414938924
"leap_hand",16,"CasADi",5,25.512819,5.127482,270.529678196,270.529678196,0.051590623,0,474.022166121
"leap_hand",16,"CasADi",6,30.376736,4.863917,65.803032097,65.803032097,0.042753817,0,263.017184318
"leap_hand",16,"CasADi",7,35.025859,4.649123,7.601233129,7.601233129,0.004990504,1,58.290538223
"leap_hand",16,"CasADi",8,40.332031,5.306172,7.515070044,7.515070044,0.003285283,1,0.088739262
"leap_hand",16,"CasADi",9,45.198102,4.866071,7.51249602,7.51249602,0.003415051,1,0.002576178
"leap_hand",16,"CasADi",10,50.008223,4.810121,7.512493866,7.512493866,0.00342447,1,0.000002153
"leap_hand",17,"TetraPGA",0,0,0,3159.528998909,3159.528998909,2.512517712,0,nan
"leap_hand",17,"TetraPGA",1,2.720983,2.720983,82.547423678,82.547423678,0.030209716,0,3154.490145599
"leap_hand",17,"TetraPGA",2,5.091888,2.370905,5.130239734,5.130239734,0.002603056,1,77.508570602
"leap_hand",17,"TetraPGA",3,7.363634,2.271746,5.038853173,5.038853173,0.002804195,1,0.091386659
"leap_hand",17,"TetraPGA",4,9.553399,2.189765,5.038853075,5.038853075,0.002804579,1,0.000000098
"leap_hand",17,"Pinocchio",0,0,0,4179.84215013,4179.84215013,2.512517712,0,nan
"leap_hand",17,"Pinocchio",1,2.871821,2.871821,3221.74146179,3221.74146179,2.192421443,0,4174.803296715
"leap_hand",17,"Pinocchio",2,5.155397,2.283576,1906.789591515,1906.789591515,1.644203082,0,3216.702608436
"leap_hand",17,"Pinocchio",3,7.332104,2.176707,803.85142805,803.85142805,0.843469127,0,1901.750738228
"leap_hand",17,"Pinocchio",4,9.26076,1.928656,714.578682594,714.578682594,0.117585934,0,798.812574831
"leap_hand",17,"Pinocchio",5,11.130282,1.869522,91.508572855,91.508572855,0.017049268,0,709.53982942
"leap_hand",17,"Pinocchio",6,12.976159,1.845877,5.041971414,5.041971414,0.002833083,1,86.469719703
"leap_hand",17,"Pinocchio",7,14.805454,1.829295,5.038853152,5.038853152,0.002804581,1,0.003118262
"leap_hand",17,"Pinocchio",8,16.613239,1.807785,5.038853152,5.038853152,0.002804579,1,0
"leap_hand",17,"CasADi",0,0,0,4179.84215013,4179.84215013,2.512517712,0,nan
"leap_hand",17,"CasADi",1,5.754731,5.754731,3221.74146179,3221.74146179,2.192421443,0,4174.803296715
"leap_hand",17,"CasADi",2,10.898458,5.143727,1906.789591514,1906.789591514,1.644203082,0,3216.702608436
"leap_hand",17,"CasADi",3,15.829351,4.930893,803.851428057,803.851428057,0.843469127,0,1901.750738226
"leap_hand",17,"CasADi",4,20.521414,4.692063,714.578682572,714.578682572,0.117585934,0,798.812574838
"leap_hand",17,"CasADi",5,25.185675,4.664261,91.508572854,91.508572854,0.017049268,0,709.539829399
"leap_hand",17,"CasADi",6,29.78871,4.603035,5.041971414,5.041971414,0.002833083,1,86.469719703
"leap_hand",17,"CasADi",7,34.455896,4.667186,5.038853152,5.038853152,0.002804581,1,0.003118262
"leap_hand",17,"CasADi",8,39.135738,4.679842,5.038853152,5.038853152,0.002804579,1,0
"leap_hand",18,"TetraPGA",0,0,0,4219.050743633,4219.050743633,2.903389711,0,nan
"leap_hand",18,"TetraPGA",1,2.591539,2.591539,15.52385794,15.52385794,0.010603309,0,4212.322152817
"leap_hand",18,"TetraPGA",2,4.778154,2.186615,6.7285977,6.7285977,0.003240413,1,8.795267437
"leap_hand",18,"TetraPGA",3,6.922322,2.144168,6.728590502,6.728590502,0.003240887,1,0.000007198
"leap_hand",18,"Pinocchio",0,0,0,5330.658095495,5330.658095495,2.903389711,0,nan
"leap_hand",18,"Pinocchio",1,2.54691,2.54691,3265.883726993,3265.883726993,1.297436202,0,5323.929504594
"leap_hand",18,"Pinocchio",2,4.726829,2.179919,938.117390311,938.117390311,0.667670423,0,3259.155136085
"leap_hand",18,"Pinocchio",3,6.902772,2.175943,264.044741879,264.044741879,0.342272613,0,931.388799639
"leap_hand",18,"Pinocchio",4,8.794886,1.892114,19.577429032,19.577429032,0.013519047,0,257.316151274
"leap_hand",18,"Pinocchio",5,10.646579,1.851693,6.734665249,6.734665249,0.003140359,1,12.848838448
"leap_hand",18,"Pinocchio",6,12.498373,1.851794,6.72864584,6.72864584,0.003212403,1,0.006074667
"leap_hand",18,"Pinocchio",7,14.320985,1.822612,6.728590582,6.728590582,0.003240852,1,0.000055258
"leap_hand",18,"CasADi",0,0,0,5330.658095495,5330.658095495,2.903389711,0,nan
"leap_hand",18,"CasADi",1,5.413676,5.413676,3265.883726966,3265.883726966,1.297436202,0,5323.929504594
"leap_hand",18,"CasADi",2,10.38598,4.972304,938.117390307,938.117390307,0.667670423,0,3259.155136059
"leap_hand",18,"CasADi",3,15.292521,4.906541,264.044741877,264.044741877,0.342272613,0,931.388799635
"leap_hand",18,"CasADi",4,19.979914,4.687393,19.577429032,19.577429032,0.013519047,0,257.316151272
"leap_hand",18,"CasADi",5,24.616586,4.636672,6.734665249,6.734665249,0.003140359,1,12.848838448
"leap_hand",18,"CasADi",6,29.240218,4.623632,6.72864584,6.72864584,0.003212403,1,0.006074667
"leap_hand",18,"CasADi",7,33.850929,4.610711,6.728590582,6.728590582,0.003240852,1,0.000055258
"leap_hand",19,"TetraPGA",0,0,0,2593.63185662,2593.63185662,2.276418598,0,nan
"leap_hand",19,"TetraPGA",1,2.642152,2.642152,88.555769228,88.555769228,0.039796531,0,2589.495502604
"leap_hand",19,"TetraPGA",2,4.838507,2.196355,4.15285158,4.15285158,0.002560001,1,84.419415403
"leap_hand",19,"TetraPGA",3,6.985159,2.146652,4.136353824,4.136353824,0.002541035,1,0.016497757
"leap_hand",19,"TetraPGA",4,9.131773,2.146614,4.136353824,4.136353824,0.002541035,1,0
"leap_hand",19,"Pinocchio",0,0,0,3747.100319659,3747.100319659,2.276418598,0,nan
"leap_hand",19,"Pinocchio",1,2.719621,2.719621,2854.151365613,2854.151365613,1.651896749,0,3742.96396557
"leap_hand",19,"Pinocchio",2,4.628464,1.908843,778.95362705,778.95362705,0.178253348,0,2850.015011517
"leap_hand",19,"Pinocchio",3,6.486664,1.8582,131.82408069,131.82408069,0.049219155,0,774.817272858
"leap_hand",19,"Pinocchio",4,8.333919,1.847255,5.65440368,5.65440368,0.013445672,0,127.687726714
"leap_hand",19,"Pinocchio",5,10.167909,1.83399,4.137232712,4.137232712,0.002547982,1,1.518049781
"leap_hand",19,"Pinocchio",6,12.001078,1.833169,4.136353896,4.136353896,0.002541041,1,0.000878815
"leap_hand",19,"Pinocchio",7,13.824484,1.823406,4.136353896,4.136353896,0.002541035,1,0
"leap_hand",19,"CasADi",0,0,0,3747.100319659,3747.100319659,2.276418598,0,nan
"leap_hand",19,"CasADi",1,5.53324,5.53324,2854.151365612,2854.151365612,1.651896749,0,3742.96396557
"leap_hand",19,"CasADi",2,10.193448,4.660208,778.95362705,778.95362705,0.178253348,0,2850.015011516
"leap_hand",19,"CasADi",3,14.758662,4.565214,131.82408069,131.82408069,0.049219155,0,774.817272858
"leap_hand",19,"CasADi",4,19.37747,4.618808,5.65440368,5.65440368,0.013445672,0,127.687726714
"leap_hand",19,"CasADi",5,23.971971,4.594501,4.137232712,4.137232712,0.002547982,1,1.518049781
"leap_hand",19,"CasADi",6,28.547039,4.575068,4.136353896,4.136353896,0.002541041,1,0.000878815
"leap_hand",19,"CasADi",7,33.088346,4.541307,4.136353896,4.136353896,0.002541035,1,0
