scenario,sample_id,seed,dof,horizon,max_iterations,x0,x_target
"ur10",0,3967714479,6,50,100,"0.51105692118956858 -0.40866645336669544 -0.086993878685514447 0.56873331764009327 0.56038111557274783 0.74018670291720667 0 0 0 0 0 0","-0.58829171744033937 0.22999765505667225 0.31810397361386444 -0.19722219334466584 0.18624343638726382 0.4113535697697952 0 0 0 0 0 0"
"ur10",1,3967714479,6,50,100,"0.28854227970602775 -0.64129116411717879 -0.47054610205513203 0.18357251097156047 0.69485742410856588 0.56217264777544007 0 0 0 0 0 0","0.41378484115614134 -0.16969809522897361 0.40052665026732992 0.30990167906964561 0.55600452162880343 0.29474507721579646 0 0 0 0 0 0"
"ur10",2,3967714479,6,50,100,"-0.57471186366110194 -0.095518112393348176 0.39315694597710937 0.37143284571528579 0.34183839601099564 0.59180324783374405 0 0 0 0 0 0","0.20024844920890839 -0.73549562857365358 0.4097470943793553 0.24899127033574553 0.51768882768718782 -0.5792379784209053 0 0 0 0 0 0"
"ur10",3,3967714479,6,50,100,"-0.49079794692948192 -0.46898096917399995 -0.11516283358517265 0.39607532665232736 0.29112691640857102 -0.051746774703702259 0 0 0 0 0 0","-0.73528106027245022 -0.3367997800696273 0.15066700025133017 0.42022875470875487 0.33448310615252375 0.4955674912621415 0 0 0 0 0 0"
"ur10",4,3967714479,6,50,100,"0.29642587470519133 0.35631963408015599 -0.70328403277223661 0.63340404454967447 -0.26000940167274311 0.64529400354042088 0 0 0 0 0 0","-0.10210003475937413 -0.5158250629550577 -0.2909682123616717 0.5474257380148102 0.56965440388809019 0.013120469959179148 0 0 0 0 0 0"
"ur10",5,3967714479,6,50,100,"-0.34394751934476697 -0.35648823870167057 -0.40512443220868177 0.32732698715511033 -0.28019262952705537 -0.37836585737315986 0 0 0 0 0 0","0.38912122876160304 -0.53828936645109482 0.742685003649175 -0.083862642840881296 0.5460827501338299 -0.012187533503826842 0 0 0 0 0 0"
"ur10",6,3967714479,6,50,100,"-0.43415396346568474 0.65090710338443381 0.64567444679671149 -0.49593442174119584 0.49159973224694231 -0.3924279677093529 0 0 0 0 0 0","0.24326406980073401 -0.49877991349740325 -0.37851637741309074 -0.59121114686184761 0.62414583138691393 0.66435700425991095 0 0 0 0 0 0"
"ur10",7,3967714479,6,50,100,"-0.34083069531164778 -0.40228417618449619 0.24829426728581838 -0.073281584753346118 0.26453390176204272 -0.0033304310856892005 0 0 0 0 0 0","-0.61809346734271065 0.61193104698428091 0.25005011465865046 -0.20908581480232002 -0.094330987582848969 0.051391208301162727 0 0 0 0 0 0"
"ur10",8,3967714479,6,50,100,"-0.58169489177986122 0.61328257917331364 0.16155909748554054 -0.6685103421389561 -0.74768936864448166 -0.24535749418970365 0 0 0 0 0 0","-0.2059294314384521 -0.1333570381577599 0.57851722933767058 -0.72990805669219028 0.4503242521074291 0.60408899854727527 0 0 0 0 0 0"
"ur10",9,3967714479,6,50,100,"-0.32804257531291736 -0.74126089439111442 0.036477851315274146 0.6500034427656729 -0.32310972010515215 0.50756007307379991 0 0 0 0 0 0","0.22075057627467398 0.43718458598203158 0.55036770947761116 -0.36297839425418477 0.5303849543000323 0.60476421935303293 0 0 0 0 0 0"
"ur10",10,3967714479,6,50,100,"0.15278534916154374 0.14720339360210877 0.33219160460869501 -0.032349249346269149 -0.74069436247246345 0.17759176616750028 0 0 0 0 0 0","-0.29215342438807712 -0.16691999929140677 0.047289393491851017 0.052242396265209212 -0.74961393166376544 0.4266657873531039 0 0 0 0 0 0"
"ur10",11,3967714479,6,50,100,"-0.70685353735665057 0.30063856358259078 -0.3090927371811511 -0.11856963067996962 0.1811619506700608 0.15444235590390354 0 0 0 0 0 0","0.41583254962832661 0.48366102132864275 0.70138282555082032 0.52428621222427196 -0.58082699739274557 -0.27594937021459154 0 0 0 0 0 0"
"ur10",12,3967714479,6,50,100,"-0.37585972736559048 -0.19683547267786494 -0.57395852263391323 -0.36112256152859606 0.041405470672596034 -0.53547302856672307 0 0 0 0 0 0","0.39229639226856783 0.6405983789713825 0.063295624303707387 0.39656096087017678 -0.7281139301913172 -0.43112940865300547 0 0 0 0 0 0"
"ur10",13,3967714479,6,50,100,"-0.65605138870823565 0.093345463490864145 -0.24391202869097528 -0.64246088622055353 0.37881537471227578 0.45937531212044136 0 0 0 0 0 0","-0.23862556249365308 -0.18512653808449797 0.40421482614929327 0.13918346909581214 -0.39492857181514651 0.50133038195641344 0 0 0 0 0 0"
"ur10",14,3967714479,6,50,100,"0.548501870619162 -0.72345665999127196 -0.68758000874526981 -0.56309283627413631 -0.12179421842392857 0.27634161539039948 0 0 0 0 0 0","-0.50584581222121761 0.29214617437184143 -0.21986320098462964 0.55597876052539075 -0.34871545581815838 0.43125545987842751 0 0 0 0 0 0"
"ur10",15,3967714479,6,50,100,"-0.075964822356114681 0.35254449165369817 -0.56352377363671646 0.13172880457648883 -0.44727730506487107 -0.077844772996916944 0 0 0 0 0 0","0.23182680228273944 0.68590766963889371 0.57830871533757944 -0.021289166421617045 0.071443480502809908 -0.31597102661729531 0 0 0 0 0 0"
"ur10",16,3967714479,6,50,100,"-0.73870078272709228 0.61598957022002687 -0.27115096200517014 0.022758676188168625 -0.45563227079198448 0.46826150246719656 0 0 0 0 0 0","0.029534777024642578 0.49045115325391642 -0.54997681042542346 0.017745049342933639 0.74032621255025655 -0.060528971114192198 0 0 0 0 0 0"
"ur10",17,3967714479,6,50,100,"-0.73472083903087504 -0.45628190646959166 0.25239710285549855 0.32313598122824194 0.36158225295945146 -0.51930539140486631 0 0 0 0 0 0","-0.57359290030893839 -0.059214421778071236 0.52045646234051213 0.69437609699551261 -0.45138292629631749 -0.62392667461477225 0 0 0 0 0 0"
"ur10",18,3967714479,6,50,100,"-0.27790228792218763 0.72961773504392391 0.36850150869640386 -0.6153965277846789 -0.61027156372522484 0.091005654287403925 0 0 0 0 0 0","-0.046832004592251231 -0.018207404444106401 -0.012893890106829953 -0.18918137241672972 -0.16186880295753303 0.4857325451633081 0 0 0 0 0 0"
"ur10",19,3967714479,6,50,100,"0.11825592116408279 -0.28937413597900319 0.3220874879059652 0.39013033908656025 0.66898114341390857 -0.53733087708671534 0 0 0 0 0 0","0.52880477937262271 0.54657185787841089 -0.58742207581827688 0.19585012681726366 0.59805409504288498 0.460492065260657 0 0 0 0 0 0"
