scenario,method,sample_id,seed,dof,horizon,max_iterations,perturbation,level,solver_failed,solver_converged,solve_ms,solver_final_iter,solver_final_cost,solver_final_stop,planning_terminal_rmse,mpc_steps,mpc_failed_steps,mpc_converged_steps,mean_mpc_solve_ms,max_mpc_solve_ms,rollout_finite,rollout_terminal_error_norm,rollout_terminal_rmse,rollout_trajectory_rmse,max_abs_q,max_abs_dq,rms_tau,max_tau_ratio,success,failure_message
"ur10","TetraPGA",0,20260624,6,50,25,"nominal",0,0,1,2.11598202,4,0.934386582,0.000000001,0.000204575,50,0,50,2.11598202,2.307713,1,0.113415743,0.046301783,0.111353528,0.242199333,0.321455129,50.638087434,0.3641241,1,""
"ur10","TetraPGA",0,20260624,6,50,25,"mass_inertia_scale",-0.3,0,1,1.98184068,4,0.934386582,0.000000001,0.000204575,50,0,50,1.98184068,2.26077,1,0.66870513,0.272997726,0.206160578,0.298964215,0.612470762,35.847771577,0.319823483,0,""
"ur10","TetraPGA",0,20260624,6,50,25,"mass_inertia_scale",-0.2,0,1,2.25181194,4,0.934386582,0.000000001,0.000204575,50,0,50,2.25181194,2.267942,1,0.419692373,0.171338694,0.159079576,0.241200591,0.456553719,40.924433471,0.319823483,0,""
"ur10","TetraPGA",0,20260624,6,50,25,"mass_inertia_scale",-0.1,0,1,2.25206196,4,0.934386582,0.000000001,0.000204575,50,0,50,2.25206196,2.266835,1,0.231720559,0.094599522,0.127732045,0.241755448,0.374982153,45.875924843,0.325167456,1,""
"ur10","TetraPGA",0,20260624,6,50,25,"mass_inertia_scale",0.1,0,1,1.84593946,4,0.934386582,0.000000001,0.000204575,50,0,50,1.84593946,2.259408,1,0.176698849,0.072137003,0.110873314,0.242562512,0.34798145,55.164984692,0.40191443,1,""
"ur10","TetraPGA",0,20260624,6,50,25,"mass_inertia_scale",0.2,0,1,1.82508738,4,0.934386582,0.000000001,0.000204575,50,0,50,1.82508738,2.262282,1,0.379224208,0.154817635,0.130080448,0.34437588,0.517355206,59.433691947,0.437968755,0,""
"ur10","TetraPGA",0,20260624,6,50,25,"mass_inertia_scale",0.3,0,1,1.80905618,4,0.934386582,0.000000001,0.000204575,50,0,50,1.80905618,2.260924,1,0.647517359,0.264347855,0.169187972,0.459489286,0.826398016,63.437910686,0.472146949,0,""
"ur10","TetraPGA",0,20260624,6,50,25,"com_offset",0.01,0,1,1.92098148,4,0.934386582,0.000000001,0.000204575,50,0,50,1.92098148,2.337591,1,0.414866753,0.169368643,0.168160008,0.242272402,0.406383226,50.6392667,0.364131218,0,""
"ur10","TetraPGA",0,20260624,6,50,25,"com_offset",0.02,0,1,1.81305118,4,0.934386582,0.000000001,0.000204575,50,0,50,1.81305118,2.322913,1,0.513162779,0.209497827,0.202650035,0.293360567,0.880941288,50.638573047,0.364125629,0,""
"ur10","TetraPGA",0,20260624,6,50,25,"com_offset",0.05,0,1,1.82159594,4,0.934386582,0.000000001,0.000204575,50,0,50,1.82159594,2.796938,1,0.719627256,0.293786597,0.257183401,0.392738985,2.051696982,50.62689267,0.364047017,0,""
"ur10","TetraPGA",0,20260624,6,50,25,"external_force",5,0,1,2.0403892,4,0.934386582,0.000000001,0.000204575,50,0,50,2.0403892,2.58173,1,0.225849097,0.092202508,0.126633047,0.425967045,3.902926877,50.637552581,0.364113454,1,""
"ur10","TetraPGA",0,20260624,6,50,25,"external_force",10,0,1,2.01916954,4,0.934386582,0.000000001,0.000204575,50,0,50,2.01916954,2.364685,1,0.444217239,0.181350928,0.176600881,0.728515331,7.678923161,50.637077938,0.364103449,0,""
"ur10","TetraPGA",1,20260624,6,50,25,"nominal",0,0,1,2.2429146,4,0.996571375,0.000000008,0.000275697,50,0,50,2.2429146,2.265274,1,0.13662295,0.055776086,0.13478354,0.234316185,0.315749316,51.480510466,0.44687878,1,""
"ur10","TetraPGA",1,20260624,6,50,25,"mass_inertia_scale",-0.3,0,1,2.1948044,4,0.996571375,0.000000008,0.000275697,50,0,50,2.1948044,2.262527,1,0.52693723,0.215121223,0.194404567,0.3302535,0.804043146,36.975499575,0.44687878,0,""
"ur10","TetraPGA",1,20260624,6,50,25,"mass_inertia_scale",-0.2,0,1,2.25437426,4,0.996571375,0.000000008,0.000275697,50,0,50,2.25437426,2.296865,1,0.351346163,0.143436471,0.16659162,0.232314802,0.604432674,41.962233814,0.44687878,0,""
"ur10","TetraPGA",1,20260624,6,50,25,"mass_inertia_scale",-0.1,0,1,2.25168546,4,0.996571375,0.000000008,0.000275697,50,0,50,2.25168546,2.263239,1,0.219949307,0.089793928,0.146142159,0.233426681,0.413008019,46.818685793,0.44687878,1,""
"ur10","TetraPGA",1,20260624,6,50,25,"mass_inertia_scale",0.1,0,1,1.8430517,4,0.996571375,0.000000008,0.000275697,50,0,50,1.8430517,2.260316,1,0.235347108,0.096080055,0.140772096,0.24973561,0.446505948,55.90459947,0.44687878,1,""
"ur10","TetraPGA",1,20260624,6,50,25,"mass_inertia_scale",0.2,0,1,1.82680138,4,0.996571375,0.000000008,0.000275697,50,0,50,1.82680138,2.257085,1,0.475921026,0.194293945,0.171748662,0.406713153,0.619082953,60.070105345,0.44687878,0,""
"ur10","TetraPGA",1,20260624,6,50,25,"mass_inertia_scale",0.3,0,1,1.8179131,4,0.996571375,0.000000008,0.000275697,50,0,50,1.8179131,2.261932,1,0.780187854,0.318510358,0.225169414,0.612609684,0.87056983,63.967931149,0.451934329,0,""
"ur10","TetraPGA",1,20260624,6,50,25,"com_offset",0.01,0,1,1.95452148,4,0.996571375,0.000000008,0.000275697,50,0,50,1.95452148,2.268971,1,0.342655606,0.139888565,0.163899096,0.445115063,0.463844005,51.485054874,0.44687878,0,""
"ur10","TetraPGA",1,20260624,6,50,25,"com_offset",0.02,0,1,1.80754366,4,0.996571375,0.000000008,0.000275697,50,0,50,1.80754366,2.25931,1,0.666142578,0.271951569,0.229089536,0.777150496,0.956045044,51.487086399,0.44687878,0,""
"ur10","TetraPGA",1,20260624,6,50,25,"com_offset",0.05,0,1,1.77865444,4,0.996571375,0.000000008,0.000275697,50,0,50,1.77865444,2.261536,1,1.416889022,0.578442521,0.44377008,1.424072404,2.452782186,51.479651079,0.44687878,0,""
"ur10","TetraPGA",1,20260624,6,50,25,"external_force",5,0,1,2.19794496,4,0.996571375,0.000000008,0.000275697,50,0,50,2.19794496,2.318305,1,0.145424347,0.059369241,0.135681975,0.234316185,0.801059176,51.480525636,0.44687878,1,""
"ur10","TetraPGA",1,20260624,6,50,25,"external_force",10,0,1,2.176179,4,0.996571375,0.000000008,0.000275697,50,0,50,2.176179,2.278196,1,0.173749924,0.070933109,0.139107088,0.270929423,1.618515592,51.480577975,0.44687878,1,""
"ur10","TetraPGA",2,20260624,6,50,25,"nominal",0,0,1,1.9168113,4,1.018782449,0.000000045,0.000299848,50,0,50,1.9168113,2.26749,1,0.167761635,0.068488401,0.158134755,0.290360129,0.412627319,47.482374701,0.343308508,1,""
"ur10","TetraPGA",2,20260624,6,50,25,"mass_inertia_scale",-0.3,0,1,1.7976278,4,1.018782449,0.000000045,0.000299848,50,0,50,1.7976278,2.261091,1,0.486659067,0.198677732,0.185424032,0.550455053,0.768490295,34.702384627,0.298845389,0,""
"ur10","TetraPGA",2,20260624,6,50,25,"mass_inertia_scale",-0.2,0,1,1.8164313,4,1.018782449,0.000000045,0.000299848,50,0,50,1.8164313,2.254514,1,0.329195459,0.134393484,0.163195906,0.460420575,0.581969042,39.185470672,0.298845389,0,""
"ur10","TetraPGA",2,20260624,6,50,25,"mass_inertia_scale",-0.1,0,1,1.85583346,4,1.018782449,0.000000045,0.000299848,50,0,50,1.85583346,2.265982,1,0.19484078,0.079543415,0.152551015,0.352249629,0.456268301,43.460872585,0.310503947,1,""
"ur10","TetraPGA",2,20260624,6,50,25,"mass_inertia_scale",0.1,0,1,2.25431702,4,1.018782449,0.000000045,0.000299848,50,0,50,2.25431702,2.266483,1,0.366101367,0.149460257,0.186075514,0.418697966,0.412490551,51.222267909,0.374860145,0,""
"ur10","TetraPGA",2,20260624,6,50,25,"mass_inertia_scale",0.2,0,1,1.93789186,4,1.018782449,0.000000045,0.000299848,50,0,50,1.93789186,2.268523,1,0.684689248,0.279523215,0.238502137,0.537781279,0.442304447,54.67206958,0.404573617,0,""
"ur10","TetraPGA",2,20260624,6,50,25,"mass_inertia_scale",0.3,0,1,2.22684112,4,1.018782449,0.000000045,0.000299848,50,0,50,2.22684112,3.648652,1,1.076800781,0.439602078,0.311550476,0.645225766,0.798302737,57.836686111,0.432315037,0,""
"ur10","TetraPGA",2,20260624,6,50,25,"com_offset",0.01,0,1,1.77789934,4,1.018782449,0.000000045,0.000299848,50,0,50,1.77789934,2.255459,1,1.635605224,0.667733037,0.573950079,1.748100396,4.824809996,47.477219383,0.343318422,0,""
"ur10","TetraPGA",2,20260624,6,50,25,"com_offset",0.02,0,1,1.76894736,4,1.018782449,0.000000045,0.000299848,50,0,50,1.76894736,2.251254,1,1.787973851,0.729937268,0.655702583,1.951403356,8.234556134,47.477513706,0.343256803,0,""
"ur10","TetraPGA",2,20260624,6,50,25,"com_offset",0.05,0,1,1.86402404,4,1.018782449,0.000000045,0.000299848,50,0,50,1.86402404,2.257937,1,1.791686861,0.731453098,0.713449757,2.394644645,13.209048949,47.479487661,0.34343513,0,""
"ur10","TetraPGA",2,20260624,6,50,25,"external_force",5,0,1,1.91768934,4,1.018782449,0.000000045,0.000299848,50,0,50,1.91768934,2.267852,1,0.158046441,0.064522189,0.156693014,0.290365178,0.77065202,47.481999245,0.343308508,1,""
"ur10","TetraPGA",2,20260624,6,50,25,"external_force",10,0,1,1.9161728,4,1.018782449,0.000000045,0.000299848,50,0,50,1.9161728,2.264181,1,0.155690364,0.063560325,0.156067551,0.290369725,1.257976039,47.481629537,0.343308508,1,""
"ur10","TetraPGA",3,20260624,6,50,25,"nominal",0,0,1,1.90463944,4,0.894422638,0.000000001,0.000182112,50,0,50,1.90463944,2.479017,1,0.105524962,0.043080385,0.098952009,0.23074249,0.243985956,50.521224223,0.362080561,1,""
"ur10","TetraPGA",3,20260624,6,50,25,"mass_inertia_scale",-0.3,0,1,1.79868438,4,0.894422638,0.000000001,0.000182112,50,0,50,1.79868438,2.26462,1,0.695713543,0.284023865,0.208923852,0.343559393,0.577677027,35.672460134,0.329343245,0,""
"ur10","TetraPGA",3,20260624,6,50,25,"mass_inertia_scale",-0.2,0,1,1.83009364,4,0.894422638,0.000000001,0.000182112,50,0,50,1.83009364,2.264739,1,0.448521265,0.18310804,0.158118802,0.258751095,0.428431727,40.744063696,0.329343245,0,""
"ur10","TetraPGA",3,20260624,6,50,25,"mass_inertia_scale",-0.1,0,1,1.8909264,4,0.894422638,0.000000001,0.000182112,50,0,50,1.8909264,2.253151,1,0.246617593,0.100681211,0.120851006,0.231503562,0.315048809,45.715805679,0.329343245,0,""
"ur10","TetraPGA",3,20260624,6,50,25,"mass_inertia_scale",0.1,0,1,1.82223086,4,0.894422638,0.000000001,0.000182112,50,0,50,1.82223086,2.263448,1,0.123287641,0.050331969,0.092322322,0.230119794,0.397679992,55.104771197,0.400555144,1,""
"ur10","TetraPGA",3,20260624,6,50,25,"mass_inertia_scale",0.2,0,1,1.80840542,4,0.894422638,0.000000001,0.000182112,50,0,50,1.80840542,2.262341,1,0.293849497,0.119963555,0.102825373,0.295572295,0.552522264,59.4299861,0.437364838,0,""
"ur10","TetraPGA",3,20260624,6,50,25,"mass_inertia_scale",0.3,0,1,1.79749832,4,0.894422638,0.000000001,0.000182112,50,0,50,1.79749832,2.257709,1,0.538889164,0.22000058,0.133125907,0.417279943,0.743990782,63.48120509,0.47226636,0,""
"ur10","TetraPGA",3,20260624,6,50,25,"com_offset",0.01,0,1,1.76031986,4,0.894422638,0.000000001,0.000182112,50,0,50,1.76031986,2.249476,1,0.925774147,0.377945713,0.356049441,1.078976854,5.766752168,50.526066487,0.362099091,0,""
"ur10","TetraPGA",3,20260624,6,50,25,"com_offset",0.02,0,1,1.76075642,4,0.894422638,0.000000001,0.000182112,50,0,50,1.76075642,2.249285,1,0.968751977,0.395491339,0.39445653,1.310327641,8.985257054,50.527732358,0.36209959,0,""
"ur10","TetraPGA",3,20260624,6,50,25,"com_offset",0.05,0,1,1.76951834,4,0.894422638,0.000000001,0.000182112,50,0,50,1.76951834,2.257399,1,0.946125065,0.38625394,0.43207446,1.637055155,11.596879706,50.529824845,0.362226396,0,""
"ur10","TetraPGA",3,20260624,6,50,25,"external_force",5,0,1,1.84760404,4,0.894422638,0.000000001,0.000182112,50,0,50,1.84760404,2.269613,1,0.29190196,0.119168476,0.129311283,0.397609503,5.576480401,50.522062186,0.362093476,0,""
"ur10","TetraPGA",3,20260624,6,50,25,"external_force",10,0,1,1.84720314,4,0.894422638,0.000000001,0.000182112,50,0,50,1.84720314,2.262993,1,0.615751254,0.251379397,0.216926605,0.830995425,10.985414144,50.522969386,0.362108734,0,""
"ur10","TetraPGA",4,20260624,6,50,25,"nominal",0,0,1,2.06339542,4,0.977529084,0.000000003,0.000245935,50,0,50,2.06339542,2.264997,1,0.124874844,0.050979942,0.126644542,0.238985014,0.32276416,50.918365205,0.374766546,1,""
"ur10","TetraPGA",4,20260624,6,50,25,"mass_inertia_scale",-0.3,0,1,1.7545727,4,0.977529084,0.000000003,0.000245935,50,0,50,1.7545727,2.263983,1,0.50704412,0.206999895,0.145391007,0.296362847,0.712712198,36.422820365,0.374766546,0,""
"ur10","TetraPGA",4,20260624,6,50,25,"mass_inertia_scale",-0.2,0,1,1.75518684,4,0.977529084,0.000000003,0.000245935,50,0,50,1.75518684,2.269209,1,0.294642809,0.120287423,0.118530373,0.236794463,0.561845175,41.416913783,0.374766546,0,""
"ur10","TetraPGA",4,20260624,6,50,25,"mass_inertia_scale",-0.1,0,1,1.77094524,4,0.977529084,0.000000003,0.000245935,50,0,50,1.77094524,2.26032,1,0.129680294,0.052941758,0.111976152,0.238011436,0.435280428,46.269884969,0.374766546,1,""
"ur10","TetraPGA",4,20260624,6,50,25,"mass_inertia_scale",0.1,0,1,2.53825318,4,0.977529084,0.000000003,0.000245935,50,0,50,2.53825318,4.492785,1,0.3193542,0.130375806,0.160689075,0.239781578,0.321363594,55.323751646,0.391989352,0,""
"ur10","TetraPGA",4,20260624,6,50,25,"mass_inertia_scale",0.2,0,1,2.40441732,4,0.977529084,0.000000003,0.000245935,50,0,50,2.40441732,3.661419,1,0.581366192,0.237341754,0.210968526,0.339295507,0.321213982,59.467634738,0.426222927,0,""
"ur10","TetraPGA",4,20260624,6,50,25,"mass_inertia_scale",0.3,0,1,2.02561192,4,0.977529084,0.000000003,0.000245935,50,0,50,2.02561192,2.298387,1,0.895616762,0.365634012,0.274159107,0.542697854,0.50287015,63.344603069,0.458533437,0,""
"ur10","TetraPGA",4,20260624,6,50,25,"com_offset",0.01,0,1,1.76804184,4,0.977529084,0.000000003,0.000245935,50,0,50,1.76804184,2.256952,1,1.197297249,0.488794555,0.445078294,1.146007403,5.445704545,50.91652303,0.374766546,0,""
"ur10","TetraPGA",4,20260624,6,50,25,"com_offset",0.02,0,1,1.7704431,4,0.977529084,0.000000003,0.000245935,50,0,50,1.7704431,2.261287,1,1.284121273,0.524240314,0.495210503,1.367059097,8.789518875,50.919233367,0.374766546,0,""
"ur10","TetraPGA",4,20260624,6,50,25,"com_offset",0.05,0,1,1.76735792,4,0.977529084,0.000000003,0.000245935,50,0,50,1.76735792,2.25336,1,1.369327275,0.559025519,0.538215099,1.664426427,12.63917917,50.930338316,0.374766546,0,""
"ur10","TetraPGA",4,20260624,6,50,25,"external_force",5,0,1,2.04073076,4,0.977529084,0.000000003,0.000245935,50,0,50,2.04073076,2.259431,1,0.12563637,0.051290833,0.126696793,0.243325147,0.411834337,50.918406538,0.374766546,1,""
"ur10","TetraPGA",4,20260624,6,50,25,"external_force",10,0,1,2.03261158,4,0.977529084,0.000000003,0.000245935,50,0,50,2.03261158,2.277526,1,0.130036,0.053086975,0.12714079,0.268132074,0.756407292,50.918479235,0.374766546,1,""
