case_name,cycles_file,summary_file,num_cycles,dt_estimate_s,tracking_rmse,tracking_mean,tracking_p95,velocity_rmse,solve_time_mean_ms,solve_time_p95_ms,torque_ratio_mean,torque_ratio_p95,failure_rate,active_window_start_s,active_window_end_s,active_num_cycles,active_tracking_rmse,active_tracking_mean,active_tracking_p95,active_velocity_rmse,active_torque_ratio_mean,active_torque_ratio_p95,active_failure_rate,post2_window_start_s,post2_num_cycles,post2_tracking_rmse,post2_tracking_mean,post2_tracking_p95,post2_velocity_rmse,post2_torque_ratio_mean,post2_torque_ratio_p95,post2_failure_rate,accel_rms_norm,accel_energy_mean,cmd_accel_rms_norm,cmd_accel_energy_mean,plant_accel_rms_norm,plant_accel_energy_mean,jerk_rms_norm_from_dq,jerk_rms_norm_from_q,torque_rate_rms_norm,effort_rate_rms_norm,robot,backend,plant_mass_scale,plant_payload_mass,controller_payload_mass,model_payload,plant_payload_com,controller_payload_com,payload_com_attachment,external_force_body_name,external_force_start_s,external_force_duration_s,external_force,external_torque
external_10N_x_tetrapga,reviewer_revision_experiments/06_mujoco_robustness_expanded_sweep/paper_scale/batch_20260630_200027_sixlink_com_external/external_10N_x_tetrapga_cycles.csv,reviewer_revision_experiments/06_mujoco_robustness_expanded_sweep/paper_scale/batch_20260630_200027_sixlink_com_external/external_10N_x_tetrapga_summary.csv,1000,0.019999945,0.178255184,0.173219348,0.239119445,0.177012258,3.12916071,4.80924545,0.0946400786,0.202864126,0,2,20,900,0.176696225,0.173124715,0.229487688,0.160401393,0.0974185363,0.205136511,0,2,900,0.176696225,0.173124715,0.229487688,0.160401393,0.0974185363,0.205136511,0,18.8859624,356.679577,18.8859624,356.679577,4.69043649,22.0001944,390.428962,219.025093,772.417414,1790.48359,ur,tetrapga,1,0,0,0,0 0 0.050000000000000003,0 0 0.050000000000000003,0 0 0.050000000000000003,wrist_3_link,2,18,10 0 0,0 0 0
external_10N_y_tetrapga,reviewer_revision_experiments/06_mujoco_robustness_expanded_sweep/paper_scale/batch_20260630_200027_sixlink_com_external/external_10N_y_tetrapga_cycles.csv,reviewer_revision_experiments/06_mujoco_robustness_expanded_sweep/paper_scale/batch_20260630_200027_sixlink_com_external/external_10N_y_tetrapga_summary.csv,1000,0.019999908,0.179655131,0.174090924,0.236914505,0.177534576,3.20084422,4.8048141,0.180366454,0.250046686,0,2,20,900,0.17865266,0.17438732,0.232448032,0.161681761,0.192491588,0.253140542,0,2,900,0.17865266,0.17438732,0.232448032,0.161681761,0.192491588,0.253140542,0,19.127597,365.864966,19.127597,365.864966,4.77863912,22.8353919,391.218124,232.212265,784.245079,1942.57785,ur,tetrapga,1,0,0,0,0 0 0.050000000000000003,0 0 0.050000000000000003,0 0 0.050000000000000003,wrist_3_link,2,18,0 10 0,0 0 0
external_10N_z_tetrapga,reviewer_revision_experiments/06_mujoco_robustness_expanded_sweep/paper_scale/batch_20260630_200027_sixlink_com_external/external_10N_z_tetrapga_cycles.csv,reviewer_revision_experiments/06_mujoco_robustness_expanded_sweep/paper_scale/batch_20260630_200027_sixlink_com_external/external_10N_z_tetrapga_summary.csv,1000,0.020000251,0.179057657,0.173631411,0.250493964,0.184088888,3.09920865,4.67526465,0.173043461,0.216721232,0,2,20,899,0.177815948,0.173784693,0.243280978,0.169951889,0.184522676,0.220479939,0,2,899,0.177815948,0.173784693,0.243280978,0.169951889,0.184522676,0.220479939,0,19.2115016,369.081795,19.2115016,369.081795,5.9857778,35.8295358,490.79295,236.695784,768.8983,1858.54503,ur,tetrapga,1,0,0,0,0 0 0.050000000000000003,0 0 0.050000000000000003,0 0 0.050000000000000003,wrist_3_link,2,18,0 0 10,0 0 0
external_20N_x_tetrapga,reviewer_revision_experiments/06_mujoco_robustness_expanded_sweep/paper_scale/batch_20260630_200027_sixlink_com_external/external_20N_x_tetrapga_cycles.csv,reviewer_revision_experiments/06_mujoco_robustness_expanded_sweep/paper_scale/batch_20260630_200027_sixlink_com_external/external_20N_x_tetrapga_summary.csv,1000,0.019999949,0.179003601,0.173735132,0.2480943,0.177277797,3.16888445,4.8114631,0.117980484,0.200394179,0,2,20,900,0.177947474,0.174035614,0.240688227,0.161114092,0.122946973,0.203529284,0,2,900,0.177947474,0.174035614,0.240688227,0.161114092,0.122946973,0.203529284,0,18.9728537,359.969178,18.9728537,359.969178,4.75828904,22.6413146,395.032373,214.72914,776.228293,1786.8892,ur,tetrapga,1,0,0,0,0 0 0.050000000000000003,0 0 0.050000000000000003,0 0 0.050000000000000003,wrist_3_link,2,18,20 0 0,0 0 0
external_20N_y_tetrapga,reviewer_revision_experiments/06_mujoco_robustness_expanded_sweep/paper_scale/batch_20260630_200027_sixlink_com_external/external_20N_y_tetrapga_cycles.csv,reviewer_revision_experiments/06_mujoco_robustness_expanded_sweep/paper_scale/batch_20260630_200027_sixlink_com_external/external_20N_y_tetrapga_summary.csv,1000,0.020000183,0.182142911,0.175376387,0.24755161,0.178010201,3.21057807,4.74696985,0.334036318,0.378970697,0,2,20,900,0.181581304,0.175945279,0.237742013,0.162661637,0.363189178,0.380494987,0,2,900,0.181581304,0.175945279,0.237742013,0.162661637,0.363189178,0.380494987,0,19.6832891,387.431871,19.6832891,387.431871,5.08927749,25.9007454,419.311817,246.634931,737.202588,1963.71953,ur,tetrapga,1,0,0,0,0 0 0.050000000000000003,0 0 0.050000000000000003,0 0 0.050000000000000003,wrist_3_link,2,18,0 20 0,0 0 0
external_20N_z_tetrapga,reviewer_revision_experiments/06_mujoco_robustness_expanded_sweep/paper_scale/batch_20260630_200027_sixlink_com_external/external_20N_z_tetrapga_cycles.csv,reviewer_revision_experiments/06_mujoco_robustness_expanded_sweep/paper_scale/batch_20260630_200027_sixlink_com_external/external_20N_z_tetrapga_summary.csv,1000,0.020000023,0.18431587,0.179019804,0.257252937,0.184755529,3.1685761,4.75731335,0.316262759,0.360419984,0,2,20,900,0.183749062,0.1797846,0.252473634,0.170330147,0.343582242,0.360751797,0,2,900,0.183749062,0.1797846,0.252473634,0.170330147,0.343582242,0.360751797,0,19.9508984,398.038348,19.9508984,398.038348,5.9034974,34.8512816,478.766124,246.223608,771.223028,1877.30898,ur,tetrapga,1,0,0,0,0 0 0.050000000000000003,0 0 0.050000000000000003,0 0 0.050000000000000003,wrist_3_link,2,18,0 0 20,0 0 0
external_5N_x_tetrapga,reviewer_revision_experiments/06_mujoco_robustness_expanded_sweep/paper_scale/batch_20260630_200027_sixlink_com_external/external_5N_x_tetrapga_cycles.csv,reviewer_revision_experiments/06_mujoco_robustness_expanded_sweep/paper_scale/batch_20260630_200027_sixlink_com_external/external_5N_x_tetrapga_summary.csv,1000,0.020000017,0.179462952,0.174238936,0.244711819,0.178765061,3.16965962,4.74734195,0.0954637474,0.209140202,0,2,20,900,0.178182375,0.174330582,0.239286931,0.163824116,0.0983179313,0.214036023,0,2,900,0.178182375,0.174330582,0.239286931,0.163824116,0.0983179313,0.214036023,0,18.9682927,359.796128,18.9682927,359.796128,5.19196617,26.9565127,440.724744,218.997023,786.675798,1842.23512,ur,tetrapga,1,0,0,0,0 0 0.050000000000000003,0 0 0.050000000000000003,0 0 0.050000000000000003,wrist_3_link,2,18,5 0 0,0 0 0
external_5N_y_tetrapga,reviewer_revision_experiments/06_mujoco_robustness_expanded_sweep/paper_scale/batch_20260630_200027_sixlink_com_external/external_5N_y_tetrapga_cycles.csv,reviewer_revision_experiments/06_mujoco_robustness_expanded_sweep/paper_scale/batch_20260630_200027_sixlink_com_external/external_5N_y_tetrapga_summary.csv,1000,0.020000065,0.178750101,0.173601663,0.238536804,0.175963861,3.12837238,4.62153435,0.117114383,0.211637292,0,2,20,899,0.177380256,0.17368136,0.232484061,0.159688698,0.122310572,0.217297434,0,2,899,0.177380256,0.17368136,0.232484061,0.159688698,0.122310572,0.217297434,0,18.8702,356.084448,18.8702,356.084448,4.56993185,20.8842772,379.809865,216.445173,780.861542,1798.90689,ur,tetrapga,1,0,0,0,0 0 0.050000000000000003,0 0 0.050000000000000003,0 0 0.050000000000000003,wrist_3_link,2,18,0 5 0,0 0 0
external_5N_z_tetrapga,reviewer_revision_experiments/06_mujoco_robustness_expanded_sweep/paper_scale/batch_20260630_200027_sixlink_com_external/external_5N_z_tetrapga_cycles.csv,reviewer_revision_experiments/06_mujoco_robustness_expanded_sweep/paper_scale/batch_20260630_200027_sixlink_com_external/external_5N_z_tetrapga_summary.csv,1000,0.020000077,0.178076525,0.172920909,0.244178837,0.18059634,3.14350673,4.6787244,0.117812786,0.216143856,0,2,20,900,0.17698086,0.173173294,0.236524424,0.16542967,0.122788943,0.221140512,0,2,900,0.17698086,0.173173294,0.236524424,0.16542967,0.122788943,0.221140512,0,18.9314555,358.400008,18.9314555,358.400008,5.39675164,29.1249283,440.815383,217.279425,778.467066,1878.15715,ur,tetrapga,1,0,0,0,0 0 0.050000000000000003,0 0 0.050000000000000003,0 0 0.050000000000000003,wrist_3_link,2,18,0 0 5,0 0 0
link_com_01cm_x_tetrapga,reviewer_revision_experiments/06_mujoco_robustness_expanded_sweep/paper_scale/batch_20260630_200027_sixlink_com_external/link_com_01cm_x_tetrapga_cycles.csv,reviewer_revision_experiments/06_mujoco_robustness_expanded_sweep/paper_scale/batch_20260630_200027_sixlink_com_external/link_com_01cm_x_tetrapga_summary.csv,1000,0.019999997,0.177628209,0.172625198,0.23685088,0.182129568,3.24977863,4.9369794,0.102453265,0.21285488,0,-1,-1,0,,,,,,,,2,900,0.176457126,0.172828637,0.230731142,0.167450192,0.105665957,0.21465554,0,18.838606,354.893075,18.838606,354.893075,5.64568973,31.8738125,469.768768,220.196161,765.468222,1823.6129,ur,tetrapga,1,0,0,0,0 0 0.050000000000000003,0 0 0.050000000000000003,0 0 0.050000000000000003,wrist_3_link,-1,0,0 0 0,0 0 0
link_com_01cm_y_tetrapga,reviewer_revision_experiments/06_mujoco_robustness_expanded_sweep/paper_scale/batch_20260630_200027_sixlink_com_external/link_com_01cm_y_tetrapga_cycles.csv,reviewer_revision_experiments/06_mujoco_robustness_expanded_sweep/paper_scale/batch_20260630_200027_sixlink_com_external/link_com_01cm_y_tetrapga_summary.csv,1000,0.020000221,0.178682788,0.17351909,0.242606474,0.185518067,3.286077,4.8942885,0.110621429,0.222951237,0,-1,-1,0,,,,,,,,2,899,0.17726288,0.17350556,0.232872732,0.171525767,0.113248104,0.228593779,0,19.1092977,365.165258,19.1092977,365.165258,6.2982082,39.6674265,520.538039,235.465788,774.130947,1929.38438,ur,tetrapga,1,0,0,0,0 0 0.050000000000000003,0 0 0.050000000000000003,0 0 0.050000000000000003,wrist_3_link,-1,0,0 0 0,0 0 0
link_com_01cm_z_tetrapga,reviewer_revision_experiments/06_mujoco_robustness_expanded_sweep/paper_scale/batch_20260630_200027_sixlink_com_external/link_com_01cm_z_tetrapga_cycles.csv,reviewer_revision_experiments/06_mujoco_robustness_expanded_sweep/paper_scale/batch_20260630_200027_sixlink_com_external/link_com_01cm_z_tetrapga_summary.csv,1000,0.020000138,0.178498186,0.173366556,0.240802488,0.180275858,3.12351175,4.7073337,0.101743088,0.207760551,0,-1,-1,0,,,,,,,,2,900,0.177074027,0.173367098,0.23524113,0.165205875,0.105186948,0.212189976,0,18.9033974,357.338433,18.9033974,357.338433,5.24868353,27.5486788,431.591364,220.127966,778.495835,1827.46163,ur,tetrapga,1,0,0,0,0 0 0.050000000000000003,0 0 0.050000000000000003,0 0 0.050000000000000003,wrist_3_link,-1,0,0 0 0,0 0 0
link_com_02cm_x_tetrapga,reviewer_revision_experiments/06_mujoco_robustness_expanded_sweep/paper_scale/batch_20260630_200027_sixlink_com_external/link_com_02cm_x_tetrapga_cycles.csv,reviewer_revision_experiments/06_mujoco_robustness_expanded_sweep/paper_scale/batch_20260630_200027_sixlink_com_external/link_com_02cm_x_tetrapga_summary.csv,1000,0.020000156,0.177858887,0.17270232,0.242294316,0.176452003,3.1777091,4.79769025,0.0939175483,0.192052978,0,-1,-1,0,,,,,,,,2,900,0.176012195,0.172335615,0.234960151,0.158944493,0.0952293365,0.192313035,0,18.7675772,352.221953,18.7675772,352.221953,4.637496,21.5063692,383.705725,211.47849,765.391224,1793.58564,ur,tetrapga,1,0,0,0,0 0 0.050000000000000003,0 0 0.050000000000000003,0 0 0.050000000000000003,wrist_3_link,-1,0,0 0 0,0 0 0
link_com_02cm_y_tetrapga,reviewer_revision_experiments/06_mujoco_robustness_expanded_sweep/paper_scale/batch_20260630_200027_sixlink_com_external/link_com_02cm_y_tetrapga_cycles.csv,reviewer_revision_experiments/06_mujoco_robustness_expanded_sweep/paper_scale/batch_20260630_200027_sixlink_com_external/link_com_02cm_y_tetrapga_summary.csv,1000,0.019999904,0.178741423,0.173635813,0.242555966,0.182635328,3.27277293,4.8283559,0.104977778,0.214153678,0,-1,-1,0,,,,,,,,2,900,0.17764772,0.173865589,0.237396411,0.168736641,0.108831936,0.216255411,0,19.010174,361.386715,19.010174,361.386715,5.93661572,35.2434063,498.511253,220.886888,777.697062,1882.4269,ur,tetrapga,1,0,0,0,0 0 0.050000000000000003,0 0 0.050000000000000003,0 0 0.050000000000000003,wrist_3_link,-1,0,0 0 0,0 0 0
link_com_02cm_z_tetrapga,reviewer_revision_experiments/06_mujoco_robustness_expanded_sweep/paper_scale/batch_20260630_200027_sixlink_com_external/link_com_02cm_z_tetrapga_cycles.csv,reviewer_revision_experiments/06_mujoco_robustness_expanded_sweep/paper_scale/batch_20260630_200027_sixlink_com_external/link_com_02cm_z_tetrapga_summary.csv,1000,0.019999942,0.177828561,0.17274778,0.242077295,0.184373544,3.17135744,4.8179551,0.112596639,0.226406943,0,-1,-1,0,,,,,,,,2,900,0.176498128,0.172819477,0.234842283,0.169635161,0.117005497,0.230027743,0,19.0554831,363.111435,19.0554831,363.111435,5.77996891,33.4080407,470.023293,227.401283,781.726674,1920.32335,ur,tetrapga,1,0,0,0,0 0 0.050000000000000003,0 0 0.050000000000000003,0 0 0.050000000000000003,wrist_3_link,-1,0,0 0 0,0 0 0
link_com_05cm_x_tetrapga,reviewer_revision_experiments/06_mujoco_robustness_expanded_sweep/paper_scale/batch_20260630_200027_sixlink_com_external/link_com_05cm_x_tetrapga_cycles.csv,reviewer_revision_experiments/06_mujoco_robustness_expanded_sweep/paper_scale/batch_20260630_200027_sixlink_com_external/link_com_05cm_x_tetrapga_summary.csv,1000,0.02000006,0.179841007,0.174386855,0.248400747,0.181988479,3.05647301,4.6786267,0.101048664,0.21058867,0,-1,-1,0,,,,,,,,2,900,0.178974305,0.174840253,0.241969596,0.167063111,0.102625817,0.212842968,0,19.1297653,365.947919,19.1297653,365.947919,5.59974929,31.3571921,471.537387,228.517003,792.776874,1884.96004,ur,tetrapga,1,0,0,0,0 0 0.050000000000000003,0 0 0.050000000000000003,0 0 0.050000000000000003,wrist_3_link,-1,0,0 0 0,0 0 0
link_com_05cm_y_tetrapga,reviewer_revision_experiments/06_mujoco_robustness_expanded_sweep/paper_scale/batch_20260630_200027_sixlink_com_external/link_com_05cm_y_tetrapga_cycles.csv,reviewer_revision_experiments/06_mujoco_robustness_expanded_sweep/paper_scale/batch_20260630_200027_sixlink_com_external/link_com_05cm_y_tetrapga_summary.csv,1000,0.020000098,0.177667193,0.172449474,0.245073925,0.187236018,3.22415715,4.87573515,0.112790623,0.2269989,0,-1,-1,0,,,,,,,,2,900,0.176077554,0.172260804,0.240277624,0.173011831,0.116515812,0.228886005,0,19.142259,366.426079,19.142259,366.426079,6.06570227,36.7927441,490.134105,230.512657,783.46928,1938.50164,ur,tetrapga,1,0,0,0,0 0 0.050000000000000003,0 0 0.050000000000000003,0 0 0.050000000000000003,wrist_3_link,-1,0,0 0 0,0 0 0
link_com_05cm_z_tetrapga,reviewer_revision_experiments/06_mujoco_robustness_expanded_sweep/paper_scale/batch_20260630_200027_sixlink_com_external/link_com_05cm_z_tetrapga_cycles.csv,reviewer_revision_experiments/06_mujoco_robustness_expanded_sweep/paper_scale/batch_20260630_200027_sixlink_com_external/link_com_05cm_z_tetrapga_summary.csv,1000,0.020000176,0.178852856,0.173625333,0.245493687,0.179615331,3.13669061,4.6734143,0.102185503,0.213416885,0,-1,-1,0,,,,,,,,2,900,0.177661835,0.173808394,0.240313462,0.16384457,0.105326419,0.215020719,0,18.891473,356.887753,18.891473,356.887753,5.15544462,26.5786092,428.377117,220.441236,784.862567,1838.05011,ur,tetrapga,1,0,0,0,0 0 0.050000000000000003,0 0 0.050000000000000003,0 0 0.050000000000000003,wrist_3_link,-1,0,0 0 0,0 0 0
mass_070_tetrapga,reviewer_revision_experiments/06_mujoco_robustness_expanded_sweep/paper_scale/batch_20260630_200027_sixlink_com_external/mass_070_tetrapga_cycles.csv,reviewer_revision_experiments/06_mujoco_robustness_expanded_sweep/paper_scale/batch_20260630_200027_sixlink_com_external/mass_070_tetrapga_summary.csv,1000,0.019999918,0.177345002,0.172131191,0.249025653,0.175085343,3.27409887,5.0803082,0.0728478815,0.162661034,0,-1,-1,0,,,,,,,,2,900,0.175908721,0.172071328,0.244230178,0.15908061,0.0745130262,0.162705062,0,18.8359804,354.794159,18.8359804,354.794159,4.74202281,22.4867804,392.29009,216.267671,742.463189,1663.44777,ur,tetrapga,0.7,0,0,0,0 0 0.050000000000000003,0 0 0.050000000000000003,0 0 0.050000000000000003,wrist_3_link,-1,0,0 0 0,0 0 0
mass_080_tetrapga,reviewer_revision_experiments/06_mujoco_robustness_expanded_sweep/paper_scale/batch_20260630_200027_sixlink_com_external/mass_080_tetrapga_cycles.csv,reviewer_revision_experiments/06_mujoco_robustness_expanded_sweep/paper_scale/batch_20260630_200027_sixlink_com_external/mass_080_tetrapga_summary.csv,1000,0.020000123,0.17859709,0.1732265,0.245336866,0.201186935,3.22467077,5.08459435,0.119644983,0.242208296,0,-1,-1,0,,,,,,,,2,900,0.177155791,0.173161932,0.241732487,0.190080526,0.125851619,0.397915454,0,19.6885036,387.637173,19.6885036,387.637173,7.80262016,60.8808814,627.845924,250.041539,760.929696,1939.19227,ur,tetrapga,0.8,0,0,0,0 0 0.050000000000000003,0 0 0.050000000000000003,0 0 0.050000000000000003,wrist_3_link,-1,0,0 0 0,0 0 0
mass_090_tetrapga,reviewer_revision_experiments/06_mujoco_robustness_expanded_sweep/paper_scale/batch_20260630_200027_sixlink_com_external/mass_090_tetrapga_cycles.csv,reviewer_revision_experiments/06_mujoco_robustness_expanded_sweep/paper_scale/batch_20260630_200027_sixlink_com_external/mass_090_tetrapga_summary.csv,1000,0.019999834,0.178251549,0.173042722,0.241738375,0.188199499,3.11994842,4.77810055,0.103910712,0.210193791,0,-1,-1,0,,,,,,,,2,900,0.176814624,0.173023697,0.23447742,0.174034621,0.107972899,0.212947018,0,19.1676529,367.398916,19.1676529,367.398916,6.33051944,40.0754764,502.265696,232.272311,777.490067,1866.76181,ur,tetrapga,0.9,0,0,0,0 0 0.050000000000000003,0 0 0.050000000000000003,0 0 0.050000000000000003,wrist_3_link,-1,0,0 0 0,0 0 0
mass_110_tetrapga,reviewer_revision_experiments/06_mujoco_robustness_expanded_sweep/paper_scale/batch_20260630_200027_sixlink_com_external/mass_110_tetrapga_cycles.csv,reviewer_revision_experiments/06_mujoco_robustness_expanded_sweep/paper_scale/batch_20260630_200027_sixlink_com_external/mass_110_tetrapga_summary.csv,1000,0.019999816,0.177795161,0.172860866,0.237068299,0.187672391,3.19641811,5.1090928,0.119608955,0.240112337,0,-1,-1,0,,,,,,,,2,900,0.176599456,0.173079284,0.233715195,0.173619086,0.124240916,0.245387201,0,19.0273798,362.041183,19.0273798,362.041183,6.53205762,42.6677768,538.679137,234.852083,783.471153,1963.78866,ur,tetrapga,1.1,0,0,0,0 0 0.050000000000000003,0 0 0.050000000000000003,0 0 0.050000000000000003,wrist_3_link,-1,0,0 0 0,0 0 0
mass_120_tetrapga,reviewer_revision_experiments/06_mujoco_robustness_expanded_sweep/paper_scale/batch_20260630_200027_sixlink_com_external/mass_120_tetrapga_cycles.csv,reviewer_revision_experiments/06_mujoco_robustness_expanded_sweep/paper_scale/batch_20260630_200027_sixlink_com_external/mass_120_tetrapga_summary.csv,1000,0.02000009,0.178025879,0.173125917,0.2354222,0.190246077,3.21632921,4.8744361,0.13211632,0.263617925,0,-1,-1,0,,,,,,,,2,900,0.176770953,0.173306291,0.231205394,0.176109821,0.137841426,0.273850149,0,19.0769081,363.928422,19.0769081,363.928422,6.93511141,48.0957703,600.396236,236.364794,783.970044,2025.74478,ur,tetrapga,1.2,0,0,0,0 0 0.050000000000000003,0 0 0.050000000000000003,0 0 0.050000000000000003,wrist_3_link,-1,0,0 0 0,0 0 0
mass_130_tetrapga,reviewer_revision_experiments/06_mujoco_robustness_expanded_sweep/paper_scale/batch_20260630_200027_sixlink_com_external/mass_130_tetrapga_cycles.csv,reviewer_revision_experiments/06_mujoco_robustness_expanded_sweep/paper_scale/batch_20260630_200027_sixlink_com_external/mass_130_tetrapga_summary.csv,1000,0.020000221,0.181372398,0.175997907,0.248601549,0.189392615,3.12255455,4.8257296,0.132666881,0.269301019,0,-1,-1,0,,,,,,,,2,900,0.180399181,0.176415364,0.243498728,0.1745284,0.13789883,0.281900153,0,19.2056968,368.858791,19.2056968,368.858791,6.11939664,37.4470152,503.738834,225.334334,833.438151,2079.0254,ur,tetrapga,1.3,0,0,0,0 0 0.050000000000000003,0 0 0.050000000000000003,0 0 0.050000000000000003,wrist_3_link,-1,0,0 0 0,0 0 0
nominal_tetrapga,reviewer_revision_experiments/06_mujoco_robustness_expanded_sweep/paper_scale/batch_20260630_200027_sixlink_com_external/nominal_tetrapga_cycles.csv,reviewer_revision_experiments/06_mujoco_robustness_expanded_sweep/paper_scale/batch_20260630_200027_sixlink_com_external/nominal_tetrapga_summary.csv,1000,0.020000037,0.179796989,0.174473847,0.245269216,0.188581889,3.11149618,4.64935455,0.110047522,0.215659338,0,-1,-1,0,,,,,,,,2,900,0.178338288,0.174444517,0.239617073,0.17361351,0.113355363,0.217112242,0,19.1844392,368.042706,19.1844392,368.042706,6.32900291,40.0562778,517.404843,233.008298,790.273591,1902.58082,ur,tetrapga,1,0,0,0,0 0 0.050000000000000003,0 0 0.050000000000000003,0 0 0.050000000000000003,wrist_3_link,-1,0,0 0 0,0 0 0
