robot,backend,dof,samples,valid_samples,horizon,dt,max_iterations,success_rate,solver_iterations_mean,solve_total_mean_ms,solve_total_p95_ms,dam_calc_mean_ms,dam_calcdiff_mean_ms,dam_total_mean_ms,cost_state_calc_mean_ms,cost_state_calcdiff_mean_ms,cost_state_total_mean_ms,cost_control_calc_mean_ms,cost_control_calcdiff_mean_ms,cost_control_total_mean_ms,cost_acc_calc_mean_ms,cost_acc_calcdiff_mean_ms,cost_acc_total_mean_ms,cost_collision_calc_mean_ms,cost_collision_calcdiff_mean_ms,cost_collision_total_mean_ms,cost_other_calc_mean_ms,cost_other_calcdiff_mean_ms,cost_other_total_mean_ms,cost_total_mean_ms,non_cost_model_mean_ms,solver_overhead_mean_ms,stack_total_mean_ms,dam_calc_per_iter_mean_ms,dam_calcdiff_per_iter_mean_ms,dam_total_per_iter_mean_ms,cost_state_calc_per_iter_mean_ms,cost_state_calcdiff_per_iter_mean_ms,cost_state_total_per_iter_mean_ms,cost_control_calc_per_iter_mean_ms,cost_control_calcdiff_per_iter_mean_ms,cost_control_total_per_iter_mean_ms,cost_acc_calc_per_iter_mean_ms,cost_acc_calcdiff_per_iter_mean_ms,cost_acc_total_per_iter_mean_ms,cost_collision_calc_per_iter_mean_ms,cost_collision_calcdiff_per_iter_mean_ms,cost_collision_total_per_iter_mean_ms,cost_other_calc_per_iter_mean_ms,cost_other_calcdiff_per_iter_mean_ms,cost_other_total_per_iter_mean_ms,cost_total_per_iter_mean_ms,non_cost_model_per_iter_mean_ms,solver_overhead_per_iter_mean_ms,stack_total_per_iter_mean_ms
"leap_hand","CasADi",16,24,24,50,0.02,25,1,8.625,45.969413833,62.8921459,3.6004685,33.440573458,37.041041958,0.093371,0.251416958,0.344787958,0.045899875,0.033647417,0.079547292,0.063612625,1.809827958,1.873440583,0,0,0,0,0,0,2.297775833,34.743266125,8.928371875,45.969413833,0.406520029,3.90188345,4.308403478,0.010555997,0.029358827,0.039914824,0.005200959,0.003928676,0.009129634,0.00721971,0.211275742,0.218495452,0,0,0,0,0,0,0.26753991,4.040863568,1.038926323,5.347329802
"leap_hand","Pinocchio",16,24,24,50,0.02,25,1,8.625,19.815109167,28.1116647,3.747221292,7.167491458,10.91471275,0.097726583,0.25492725,0.352653833,0.03988475,0.023269542,0.063154292,0.056766125,1.852377208,1.909143333,0,0,0,0,0,0,2.324951458,8.589761292,8.900396417,19.815109167,0.422939258,0.836645614,1.259584872,0.011046218,0.02976225,0.040808468,0.004513818,0.002713379,0.007227197,0.006438247,0.216169896,0.222608144,0,0,0,0,0,0,0.270643809,0.988941063,1.035516582,2.295101454
"leap_hand","TetraPGA",16,24,24,50,0.02,25,1,8.625,19.270981083,27.00734395,3.108078167,7.541445333,10.6495235,0.047522583,0.140242042,0.187764625,0.035759417,0.024049583,0.059809,0.065019833,1.905565958,1.970585792,0,0,0,0,0,0,2.218159417,8.431364083,8.621457583,19.270981083,0.350945555,0.880589426,1.231534981,0.005394294,0.016413407,0.021807701,0.004055965,0.002813442,0.006869407,0.007423207,0.222473672,0.229896879,0,0,0,0,0,0,0.258573987,0.972960994,1.004163934,2.235698915
"unitree_g1","CasADi",29,24,24,50,0.02,25,1,9.875,147.683678542,179.011038,7.758818458,89.407821375,97.166639833,0.187632625,0.664930542,0.852563167,0.077432125,0.120666333,0.198098458,0.096042542,11.31876475,11.414807292,0,0,0,0,0,0,12.465468917,84.701170917,50.517038708,147.683678542,0.776872814,9.078544871,9.855417685,0.018835404,0.067697976,0.08653338,0.007801898,0.012284203,0.020086101,0.009655674,1.149462852,1.159118526,0,0,0,0,0,0,1.265738006,8.589679679,5.126865764,14.982283449
"unitree_g1","Pinocchio",29,24,24,50,0.02,25,1,9.875,90.663099625,110.9402352,8.001215208,32.112809708,40.114024917,0.182870083,0.63766675,0.820536833,0.070847458,0.105268292,0.17611575,0.079981583,11.503873333,11.583854917,0,0,0,0,0,0,12.5805075,27.533517417,50.549074708,90.663099625,0.800639159,3.259593751,4.06023291,0.018350515,0.064704806,0.083055321,0.007137294,0.010679615,0.017816909,0.008007115,1.167713758,1.175720873,0,0,0,0,0,0,1.276593103,2.783639807,5.128608227,9.188841137
"unitree_g1","TetraPGA",29,24,24,50,0.02,25,1,9.875,88.30751725,107.7444011,6.587727125,31.934789125,38.52251625,0.08297575,0.639382667,0.722358417,0.061610042,0.097219917,0.158829958,0.124455167,11.559656958,11.684112125,0,0,0,0,0,0,12.5653005,25.95721575,49.785001,88.30751725,0.659180594,3.243126318,3.902306912,0.008348382,0.064936973,0.073285354,0.006194158,0.009902928,0.016097086,0.012573672,1.173940509,1.186514182,0,0,0,0,0,0,1.275896622,2.62641029,5.053616891,8.955923803
"ur10","CasADi",6,24,24,50,0.02,25,1,3.958333333,8.1096875,9.5211456,0.495524375,7.011787792,7.507312167,0.018224708,0.051293333,0.069518042,0.0096715,0.011966958,0.021638458,0.013716208,0.131004333,0.144720542,0,0,0,0,0,0,0.235877042,7.271435125,0.602375333,8.1096875,0.125163462,1.776581506,1.901744967,0.004605458,0.01299216,0.017597617,0.002442592,0.003021085,0.005463676,0.003467181,0.033180351,0.036647533,0,0,0,0,0,0,0.059708826,1.842036141,0.152506649,2.054251616
"ur10","Pinocchio",6,24,24,50,0.02,25,1,3.958333333,2.07514975,2.3482956,0.520727542,0.949624792,1.470352333,0.018619,0.051630125,0.070249125,0.010533833,0.008652,0.019185833,0.015345875,0.131180167,0.146526042,0,0,0,0,0,0,0.235961,1.234391333,0.604797417,2.07514975,0.131551599,0.240667773,0.372219372,0.004701807,0.013088877,0.017790684,0.002662176,0.002194696,0.004856872,0.003883416,0.033239775,0.037123191,0,0,0,0,0,0,0.059770747,0.312448625,0.153154058,0.525373429
"ur10","TetraPGA",6,24,24,50,0.02,25,1,3.958333333,1.979243417,2.26743335,0.44040275,0.976363417,1.416766167,0.011809375,0.018728167,0.030537542,0.009496375,0.008148542,0.017644917,0.013353042,0.137088917,0.150441958,0,0,0,0,0,0,0.198624417,1.21814175,0.56247725,1.979243417,0.11119986,0.24732734,0.3585272,0.002983824,0.004747123,0.007730947,0.002399226,0.002063575,0.004462801,0.003375516,0.034712368,0.038087884,0,0,0,0,0,0,0.050281633,0.308245567,0.142428374,0.500955574
