robot,backend,dof,sample_id,converged,failed,solver_iterations,solve_total_ms,final_cost,final_stop,failure_message,dam_calc_ms,dam_calcdiff_ms,dam_total_ms,cost_state_calc_ms,cost_state_calcdiff_ms,cost_state_total_ms,cost_control_calc_ms,cost_control_calcdiff_ms,cost_control_total_ms,cost_acc_calc_ms,cost_acc_calcdiff_ms,cost_acc_total_ms,cost_collision_calc_ms,cost_collision_calcdiff_ms,cost_collision_total_ms,cost_other_calc_ms,cost_other_calcdiff_ms,cost_other_total_ms,cost_total_ms,non_cost_model_ms,solver_overhead_ms,stack_total_ms,dam_calc_calls,dam_calcdiff_calls,dam_calc_per_iter_ms,dam_calcdiff_per_iter_ms,dam_total_per_iter_ms,cost_state_calc_per_iter_ms,cost_state_calcdiff_per_iter_ms,cost_state_total_per_iter_ms,cost_control_calc_per_iter_ms,cost_control_calcdiff_per_iter_ms,cost_control_total_per_iter_ms,cost_acc_calc_per_iter_ms,cost_acc_calcdiff_per_iter_ms,cost_acc_total_per_iter_ms,cost_collision_calc_per_iter_ms,cost_collision_calcdiff_per_iter_ms,cost_collision_total_per_iter_ms,cost_other_calc_per_iter_ms,cost_other_calcdiff_per_iter_ms,cost_other_total_per_iter_ms,cost_total_per_iter_ms,non_cost_model_per_iter_ms,solver_overhead_per_iter_ms,stack_total_per_iter_ms
"ur10","TetraPGA",6,0,1,0,4,2.009057,1.909056717,0.000001817,"",0.459198,0.98774,1.446938,0.011555,0.019342,0.030897,0.009704,0.008397,0.018101,0.013528,0.139594,0.153122,0,0,0,0,0,0,0.20212,1.244818,0.562119,2.009057,357,255,0.1147995,0.246935,0.3617345,0.00288875,0.0048355,0.00772425,0.002426,0.00209925,0.00452525,0.003382,0.0348985,0.0382805,0,0,0,0,0,0,0.05053,0.3112045,0.14052975,0.50226425
"ur10","TetraPGA",6,1,1,0,4,2.006794,1.053897007,0,"",0.453057,0.984049,1.437106,0.012607,0.018881,0.031488,0.009926,0.008314,0.01824,0.01402,0.139222,0.153242,0,0,0,0,0,0,0.20297,1.234136,0.569688,2.006794,357,255,0.11326425,0.24601225,0.3592765,0.00315175,0.00472025,0.007872,0.0024815,0.0020785,0.00456,0.003505,0.0348055,0.0383105,0,0,0,0,0,0,0.0507425,0.308534,0.142422,0.5016985
"ur10","TetraPGA",6,2,1,0,4,2.000712,1.291195025,0.000000002,"",0.456068,0.982622,1.43869,0.012319,0.018629,0.030948,0.009741,0.008435,0.018176,0.013503,0.137808,0.151311,0,0,0,0,0,0,0.200435,1.238255,0.562022,2.000712,357,255,0.114017,0.2456555,0.3596725,0.00307975,0.00465725,0.007737,0.00243525,0.00210875,0.004544,0.00337575,0.034452,0.03782775,0,0,0,0,0,0,0.05010875,0.30956375,0.1405055,0.500178
"ur10","TetraPGA",6,3,1,0,4,1.930614,2.884888165,0.000000002,"",0.393193,0.980535,1.373728,0.010383,0.018667,0.02905,0.008416,0.008407,0.016823,0.012131,0.136795,0.148926,0,0,0,0,0,0,0.194799,1.178929,0.556886,1.930614,306,255,0.09829825,0.24513375,0.343432,0.00259575,0.00466675,0.0072625,0.002104,0.00210175,0.00420575,0.00303275,0.03419875,0.0372315,0,0,0,0,0,0,0.04869975,0.29473225,0.1392215,0.4826535
"ur10","TetraPGA",6,4,1,0,3,1.556281,2.565951521,0.000000991,"",0.326122,0.784292,1.110414,0.00877,0.015385,0.024155,0.007045,0.006909,0.013954,0.010424,0.109536,0.11996,0,0,0,0,0,0,0.158069,0.952345,0.445867,1.556281,255,204,0.108707333,0.261430667,0.370138,0.002923333,0.005128333,0.008051667,0.002348333,0.002303,0.004651333,0.003474667,0.036512,0.039986667,0,0,0,0,0,0,0.052689667,0.317448333,0.148622333,0.518760333
"ur10","TetraPGA",6,5,1,0,4,2.010886,1.306516038,0.000000007,"",0.453575,0.984705,1.43828,0.012348,0.018818,0.031166,0.009871,0.008155,0.018026,0.0135,0.138116,0.151616,0,0,0,0,0,0,0.200808,1.237472,0.572606,2.010886,357,255,0.11339375,0.24617625,0.35957,0.003087,0.0047045,0.0077915,0.00246775,0.00203875,0.0045065,0.003375,0.034529,0.037904,0,0,0,0,0,0,0.050202,0.309368,0.1431515,0.5027215
"ur10","TetraPGA",6,6,1,0,4,2.022806,1.500469899,0.000000009,"",0.452445,0.987241,1.439686,0.011701,0.018807,0.030508,0.009416,0.00847,0.017886,0.013672,0.13883,0.152502,0,0,0,0,0,0,0.200896,1.23879,0.58312,2.022806,357,255,0.11311125,0.24681025,0.3599215,0.00292525,0.00470175,0.007627,0.002354,0.0021175,0.0044715,0.003418,0.0347075,0.0381255,0,0,0,0,0,0,0.050224,0.3096975,0.14578,0.5057015
"ur10","TetraPGA",6,7,1,0,5,2.307821,2.909291954,0,"",0.461367,1.184299,1.645666,0.012132,0.022447,0.034579,0.009723,0.010192,0.019915,0.013973,0.16942,0.183393,0,0,0,0,0,0,0.237887,1.407779,0.662155,2.307821,357,306,0.0922734,0.2368598,0.3291332,0.0024264,0.0044894,0.0069158,0.0019446,0.0020384,0.003983,0.0027946,0.033884,0.0366786,0,0,0,0,0,0,0.0475774,0.2815558,0.132431,0.4615642
"ur10","TetraPGA",6,8,1,0,4,2.021734,2.654816083,0.00000002,"",0.457482,0.987941,1.445423,0.01204,0.018653,0.030693,0.009705,0.008221,0.017926,0.013722,0.139901,0.153623,0,0,0,0,0,0,0.202242,1.243181,0.576311,2.021734,357,255,0.1143705,0.24698525,0.36135575,0.00301,0.00466325,0.00767325,0.00242625,0.00205525,0.0044815,0.0034305,0.03497525,0.03840575,0,0,0,0,0,0,0.0505605,0.31079525,0.14407775,0.5054335
"ur10","TetraPGA",6,9,1,0,4,2.03857,4.143455842,0.000040292,"",0.458715,0.997156,1.455871,0.012267,0.021094,0.033361,0.010023,0.008496,0.018519,0.014056,0.138139,0.152195,0,0,0,0,0,0,0.204075,1.251796,0.582699,2.03857,357,255,0.11467875,0.249289,0.36396775,0.00306675,0.0052735,0.00834025,0.00250575,0.002124,0.00462975,0.003514,0.03453475,0.03804875,0,0,0,0,0,0,0.05101875,0.312949,0.14567475,0.5096425
"ur10","TetraPGA",6,10,1,0,4,1.997138,2.976780296,0.000000038,"",0.452957,0.979284,1.432241,0.012497,0.019012,0.031509,0.009852,0.007625,0.017477,0.013603,0.139295,0.152898,0,0,0,0,0,0,0.201884,1.230357,0.564897,1.997138,357,255,0.11323925,0.244821,0.35806025,0.00312425,0.004753,0.00787725,0.002463,0.00190625,0.00436925,0.00340075,0.03482375,0.0382245,0,0,0,0,0,0,0.050471,0.30758925,0.14122425,0.4992845
"ur10","TetraPGA",6,11,1,0,4,2.007093,2.032833524,0.000000098,"",0.457405,0.983117,1.440522,0.012703,0.018905,0.031608,0.009918,0.007878,0.017796,0.013645,0.136395,0.15004,0,0,0,0,0,0,0.199444,1.241078,0.566571,2.007093,357,255,0.11435125,0.24577925,0.3601305,0.00317575,0.00472625,0.007902,0.0024795,0.0019695,0.004449,0.00341125,0.03409875,0.03751,0,0,0,0,0,0,0.049861,0.3102695,0.14164275,0.50177325
"ur10","TetraPGA",6,12,1,0,5,2.519775,2.582041512,0.0000002,"",0.649552,1.173586,1.823138,0.017514,0.022284,0.039798,0.013655,0.009982,0.023637,0.020036,0.163555,0.183591,0,0,0,0,0,0,0.247026,1.576112,0.696637,2.519775,510,306,0.1299104,0.2347172,0.3646276,0.0035028,0.0044568,0.0079596,0.002731,0.0019964,0.0047274,0.0040072,0.032711,0.0367182,0,0,0,0,0,0,0.0494052,0.3152224,0.1393274,0.503955
"ur10","TetraPGA",6,13,1,0,4,1.93592,1.433099598,0.000000471,"",0.39133,0.986532,1.377862,0.010351,0.018191,0.028542,0.008331,0.008211,0.016542,0.011898,0.136603,0.148501,0,0,0,0,0,0,0.193585,1.184277,0.558058,1.93592,306,255,0.0978325,0.246633,0.3444655,0.00258775,0.00454775,0.0071355,0.00208275,0.00205275,0.0041355,0.0029745,0.03415075,0.03712525,0,0,0,0,0,0,0.04839625,0.29606925,0.1395145,0.48398
"ur10","TetraPGA",6,14,1,0,4,2.006674,1.840568748,0.000004187,"",0.455902,0.981528,1.43743,0.011681,0.018547,0.030228,0.009843,0.008387,0.01823,0.013701,0.136176,0.149877,0,0,0,0,0,0,0.198335,1.239095,0.569244,2.006674,357,255,0.1139755,0.245382,0.3593575,0.00292025,0.00463675,0.007557,0.00246075,0.00209675,0.0045575,0.00342525,0.034044,0.03746925,0,0,0,0,0,0,0.04958375,0.30977375,0.142311,0.5016685
"ur10","TetraPGA",6,15,1,0,4,2.027763,2.102901033,0.000000007,"",0.455038,0.988128,1.443166,0.011629,0.018277,0.029906,0.009642,0.007908,0.01755,0.013195,0.139285,0.15248,0,0,0,0,0,0,0.199936,1.24323,0.584597,2.027763,357,255,0.1137595,0.247032,0.3607915,0.00290725,0.00456925,0.0074765,0.0024105,0.001977,0.0043875,0.00329875,0.03482125,0.03812,0,0,0,0,0,0,0.049984,0.3108075,0.14614925,0.50694075
"ur10","TetraPGA",6,16,1,0,4,2.020553,3.321376873,0.000000172,"",0.46001,0.987094,1.447104,0.012198,0.019099,0.031297,0.00963,0.008255,0.017885,0.013308,0.138975,0.152283,0,0,0,0,0,0,0.201465,1.245639,0.573449,2.020553,357,255,0.1150025,0.2467735,0.361776,0.0030495,0.00477475,0.00782425,0.0024075,0.00206375,0.00447125,0.003327,0.03474375,0.03807075,0,0,0,0,0,0,0.05036625,0.31140975,0.14336225,0.50513825
"ur10","TetraPGA",6,17,1,0,4,2.000036,3.586334503,0.000000147,"",0.453257,0.978457,1.431714,0.011905,0.018413,0.030318,0.009763,0.00812,0.017883,0.013692,0.13481,0.148502,0,0,0,0,0,0,0.196703,1.235011,0.568322,2.000036,357,255,0.11331425,0.24461425,0.3579285,0.00297625,0.00460325,0.0075795,0.00244075,0.00203,0.00447075,0.003423,0.0337025,0.0371255,0,0,0,0,0,0,0.04917575,0.30875275,0.1420805,0.500009
"ur10","TetraPGA",6,18,1,0,3,1.551375,1.420969148,0.000005626,"",0.325573,0.779701,1.105274,0.009029,0.015092,0.024121,0.007118,0.006274,0.013392,0.010074,0.107833,0.117907,0,0,0,0,0,0,0.15542,0.949854,0.446101,1.551375,255,204,0.108524333,0.259900333,0.368424667,0.003009667,0.005030667,0.008040333,0.002372667,0.002091333,0.004464,0.003358,0.035944333,0.039302333,0,0,0,0,0,0,0.051806667,0.316618,0.148700333,0.517125
"ur10","TetraPGA",6,19,1,0,3,1.558581,3.542445429,0.000005891,"",0.331418,0.782846,1.114264,0.009055,0.015105,0.02416,0.007102,0.006536,0.013638,0.010637,0.109176,0.119813,0,0,0,0,0,0,0.157611,0.956653,0.444317,1.558581,255,204,0.110472667,0.260948667,0.371421333,0.003018333,0.005035,0.008053333,0.002367333,0.002178667,0.004546,0.003545667,0.036392,0.039937667,0,0,0,0,0,0,0.052537,0.318884333,0.148105667,0.519527
"ur10","TetraPGA",6,20,1,0,4,2.013929,1.308887919,0.000000005,"",0.458365,0.982593,1.440958,0.01264,0.018756,0.031396,0.009871,0.00793,0.017801,0.013763,0.139077,0.15284,0,0,0,0,0,0,0.202037,1.238921,0.572971,2.013929,357,255,0.11459125,0.24564825,0.3602395,0.00316,0.004689,0.007849,0.00246775,0.0019825,0.00445025,0.00344075,0.03476925,0.03821,0,0,0,0,0,0,0.05050925,0.30973025,0.14324275,0.50348225
"ur10","TetraPGA",6,21,1,0,4,2.000174,2.171373106,0.000000331,"",0.45589,0.980747,1.436637,0.011492,0.018502,0.029994,0.011164,0.008221,0.019385,0.013349,0.140222,0.153571,0,0,0,0,0,0,0.20295,1.233687,0.563537,2.000174,357,255,0.1139725,0.24518675,0.35915925,0.002873,0.0046255,0.0074985,0.002791,0.00205525,0.00484625,0.00333725,0.0350555,0.03839275,0,0,0,0,0,0,0.0507375,0.30842175,0.14088425,0.5000435
"ur10","TetraPGA",6,22,1,0,4,2.024072,2.622822935,0.000004397,"",0.461413,0.995173,1.456586,0.014192,0.019495,0.033687,0.009893,0.007966,0.017859,0.015445,0.141096,0.156541,0,0,0,0,0,0,0.208087,1.248499,0.567486,2.024072,357,255,0.11535325,0.24879325,0.3641465,0.003548,0.00487375,0.00842175,0.00247325,0.0019915,0.00446475,0.00386125,0.035274,0.03913525,0,0,0,0,0,0,0.05202175,0.31212475,0.1418715,0.506018
"ur10","TetraPGA",6,23,1,0,4,1.933484,3.68308196,0.000000081,"",0.390334,0.993356,1.38369,0.010417,0.019075,0.029492,0.008561,0.008276,0.016837,0.011598,0.140275,0.151873,0,0,0,0,0,0,0.198202,1.185488,0.549794,1.933484,306,255,0.0975835,0.248339,0.3459225,0.00260425,0.00476875,0.007373,0.00214025,0.002069,0.00420925,0.0028995,0.03506875,0.03796825,0,0,0,0,0,0,0.0495505,0.296372,0.1374485,0.483371
"ur10","Pinocchio",6,0,1,0,4,2.129232,1.909056717,0.000001817,"",0.550843,0.968116,1.518959,0.019638,0.052659,0.072297,0.010507,0.008645,0.019152,0.015233,0.132411,0.147644,0,0,0,0,0,0,0.239093,1.279866,0.610273,2.129232,357,255,0.13771075,0.242029,0.37973975,0.0049095,0.01316475,0.01807425,0.00262675,0.00216125,0.004788,0.00380825,0.03310275,0.036911,0,0,0,0,0,0,0.05977325,0.3199665,0.15256825,0.532308
"ur10","Pinocchio",6,1,1,0,4,2.144163,1.053897007,0,"",0.547914,0.961161,1.509075,0.019413,0.051181,0.070594,0.010523,0.008494,0.019017,0.015391,0.132026,0.147417,0,0,0,0,0,0,0.237028,1.272047,0.635088,2.144163,357,255,0.1369785,0.24029025,0.37726875,0.00485325,0.01279525,0.0176485,0.00263075,0.0021235,0.00475425,0.00384775,0.0330065,0.03685425,0,0,0,0,0,0,0.059257,0.31801175,0.158772,0.53604075
"ur10","Pinocchio",6,2,1,0,4,2.125958,1.291195025,0.000000002,"",0.546862,0.964662,1.511524,0.019075,0.051949,0.071024,0.010796,0.008729,0.019525,0.015143,0.133029,0.148172,0,0,0,0,0,0,0.238721,1.272803,0.614434,2.125958,357,255,0.1367155,0.2411655,0.377881,0.00476875,0.01298725,0.017756,0.002699,0.00218225,0.00488125,0.00378575,0.03325725,0.037043,0,0,0,0,0,0,0.05968025,0.31820075,0.1536085,0.5314895
"ur10","Pinocchio",6,3,1,0,4,2.032498,2.884888165,0.000000002,"",0.475026,0.963654,1.43868,0.016473,0.051165,0.067638,0.009218,0.0084,0.017618,0.013744,0.133651,0.147395,0,0,0,0,0,0,0.232651,1.206029,0.593818,2.032498,306,255,0.1187565,0.2409135,0.35967,0.00411825,0.01279125,0.0169095,0.0023045,0.0021,0.0044045,0.003436,0.03341275,0.03684875,0,0,0,0,0,0,0.05816275,0.30150725,0.1484545,0.5081245
"ur10","Pinocchio",6,4,1,0,3,1.64449,2.565951521,0.000000991,"",0.397389,0.770508,1.167897,0.013741,0.040854,0.054595,0.00815,0.00733,0.01548,0.01182,0.105643,0.117463,0,0,0,0,0,0,0.187538,0.980359,0.476593,1.64449,255,204,0.132463,0.256836,0.389299,0.004580333,0.013618,0.018198333,0.002716667,0.002443333,0.00516,0.00394,0.035214333,0.039154333,0,0,0,0,0,0,0.062512667,0.326786333,0.158864333,0.548163333
"ur10","Pinocchio",6,5,1,0,4,2.124045,1.306516038,0.000000007,"",0.547314,0.965209,1.512523,0.019072,0.052022,0.071094,0.010757,0.009039,0.019796,0.015259,0.131844,0.147103,0,0,0,0,0,0,0.237993,1.27453,0.611522,2.124045,357,255,0.1368285,0.24130225,0.37813075,0.004768,0.0130055,0.0177735,0.00268925,0.00225975,0.004949,0.00381475,0.032961,0.03677575,0,0,0,0,0,0,0.05949825,0.3186325,0.1528805,0.53101125
"ur10","Pinocchio",6,6,1,0,4,2.125464,1.500469899,0.000000009,"",0.547909,0.96122,1.509129,0.019049,0.051612,0.070661,0.010831,0.009278,0.020109,0.014961,0.131448,0.146409,0,0,0,0,0,0,0.237179,1.27195,0.616335,2.125464,357,255,0.13697725,0.240305,0.37728225,0.00476225,0.012903,0.01766525,0.00270775,0.0023195,0.00502725,0.00374025,0.032862,0.03660225,0,0,0,0,0,0,0.05929475,0.3179875,0.15408375,0.531366
"ur10","Pinocchio",6,7,1,0,5,2.384319,2.909291954,0,"",0.536009,1.137608,1.673617,0.019338,0.062203,0.081541,0.011017,0.010219,0.021236,0.016791,0.157254,0.174045,0,0,0,0,0,0,0.276822,1.396795,0.710702,2.384319,357,306,0.1072018,0.2275216,0.3347234,0.0038676,0.0124406,0.0163082,0.0022034,0.0020438,0.0042472,0.0033582,0.0314508,0.034809,0,0,0,0,0,0,0.0553644,0.279359,0.1421404,0.4768638
"ur10","Pinocchio",6,8,1,0,4,2.107501,2.654816083,0.00000002,"",0.536979,0.955433,1.492412,0.01956,0.052321,0.071881,0.011314,0.008385,0.019699,0.016154,0.131506,0.14766,0,0,0,0,0,0,0.23924,1.253172,0.615089,2.107501,357,255,0.13424475,0.23885825,0.373103,0.00489,0.01308025,0.01797025,0.0028285,0.00209625,0.00492475,0.0040385,0.0328765,0.036915,0,0,0,0,0,0,0.05981,0.313293,0.15377225,0.52687525
"ur10","Pinocchio",6,9,1,0,4,2.113734,4.143455842,0.000040292,"",0.535279,0.959443,1.494722,0.019054,0.052235,0.071289,0.011093,0.008765,0.019858,0.015837,0.132021,0.147858,0,0,0,0,0,0,0.239005,1.255717,0.619012,2.113734,357,255,0.13381975,0.23986075,0.3736805,0.0047635,0.01305875,0.01782225,0.00277325,0.00219125,0.0049645,0.00395925,0.03300525,0.0369645,0,0,0,0,0,0,0.05975125,0.31392925,0.154753,0.5284335
"ur10","Pinocchio",6,10,1,0,4,2.09996,2.976780296,0.000000038,"",0.535889,0.954051,1.48994,0.01915,0.051712,0.070862,0.010811,0.008763,0.019574,0.015915,0.132399,0.148314,0,0,0,0,0,0,0.23875,1.25119,0.61002,2.09996,357,255,0.13397225,0.23851275,0.372485,0.0047875,0.012928,0.0177155,0.00270275,0.00219075,0.0048935,0.00397875,0.03309975,0.0370785,0,0,0,0,0,0,0.0596875,0.3127975,0.152505,0.52499
"ur10","Pinocchio",6,11,1,0,4,2.088219,2.032833524,0.000000098,"",0.532722,0.947529,1.480251,0.019041,0.050951,0.069992,0.010871,0.008542,0.019413,0.014988,0.130921,0.145909,0,0,0,0,0,0,0.235314,1.244937,0.607968,2.088219,357,255,0.1331805,0.23688225,0.37006275,0.00476025,0.01273775,0.017498,0.00271775,0.0021355,0.00485325,0.003747,0.03273025,0.03647725,0,0,0,0,0,0,0.0588285,0.31123425,0.151992,0.52205475
"ur10","Pinocchio",6,12,1,0,5,2.64971,2.582041512,0.0000002,"",0.756487,1.139271,1.895758,0.026678,0.061816,0.088494,0.015302,0.010222,0.025524,0.020996,0.159104,0.1801,0,0,0,0,0,0,0.294118,1.60164,0.753952,2.64971,510,306,0.1512974,0.2278542,0.3791516,0.0053356,0.0123632,0.0176988,0.0030604,0.0020444,0.0051048,0.0041992,0.0318208,0.03602,0,0,0,0,0,0,0.0588236,0.320328,0.1507904,0.529942
"ur10","Pinocchio",6,13,1,0,4,2.008193,1.433099598,0.000000471,"",0.459729,0.950769,1.410498,0.016479,0.053565,0.070044,0.009346,0.008679,0.018025,0.014037,0.131322,0.145359,0,0,0,0,0,0,0.233428,1.17707,0.597695,2.008193,306,255,0.11493225,0.23769225,0.3526245,0.00411975,0.01339125,0.017511,0.0023365,0.00216975,0.00450625,0.00350925,0.0328305,0.03633975,0,0,0,0,0,0,0.058357,0.2942675,0.14942375,0.50204825
"ur10","Pinocchio",6,14,1,0,4,2.105679,1.840568748,0.000004187,"",0.539767,0.956895,1.496662,0.019093,0.052245,0.071338,0.010938,0.008444,0.019382,0.01666,0.135193,0.151853,0,0,0,0,0,0,0.242573,1.254089,0.609017,2.105679,357,255,0.13494175,0.23922375,0.3741655,0.00477325,0.01306125,0.0178345,0.0027345,0.002111,0.0048455,0.004165,0.03379825,0.03796325,0,0,0,0,0,0,0.06064325,0.31352225,0.15225425,0.52641975
"ur10","Pinocchio",6,15,1,0,4,2.107814,2.102901033,0.000000007,"",0.539611,0.9569,1.496511,0.022828,0.052747,0.075575,0.010961,0.008851,0.019812,0.016032,0.132394,0.148426,0,0,0,0,0,0,0.243813,1.252698,0.611303,2.107814,357,255,0.13490275,0.239225,0.37412775,0.005707,0.01318675,0.01889375,0.00274025,0.00221275,0.004953,0.004008,0.0330985,0.0371065,0,0,0,0,0,0,0.06095325,0.3131745,0.15282575,0.5269535
"ur10","Pinocchio",6,16,1,0,4,2.104647,3.321376873,0.000000172,"",0.537005,0.956199,1.493204,0.019008,0.052327,0.071335,0.010607,0.008512,0.019119,0.01588,0.131522,0.147402,0,0,0,0,0,0,0.237856,1.255348,0.611443,2.104647,357,255,0.13425125,0.23904975,0.373301,0.004752,0.01308175,0.01783375,0.00265175,0.002128,0.00477975,0.00397,0.0328805,0.0368505,0,0,0,0,0,0,0.059464,0.313837,0.15286075,0.52616175
"ur10","Pinocchio",6,17,1,0,4,2.110803,3.586334503,0.000000147,"",0.536969,0.9626,1.499569,0.019041,0.053001,0.072042,0.011235,0.008722,0.019957,0.016223,0.132936,0.149159,0,0,0,0,0,0,0.241158,1.258411,0.611234,2.110803,357,255,0.13424225,0.24065,0.37489225,0.00476025,0.01325025,0.0180105,0.00280875,0.0021805,0.00498925,0.00405575,0.033234,0.03728975,0,0,0,0,0,0,0.0602895,0.31460275,0.1528085,0.52770075
"ur10","Pinocchio",6,18,1,0,3,1.638139,1.420969148,0.000005626,"",0.388055,0.768718,1.156773,0.013576,0.041736,0.055312,0.007995,0.007108,0.015103,0.012153,0.105766,0.117919,0,0,0,0,0,0,0.188334,0.968439,0.481366,1.638139,255,204,0.129351667,0.256239333,0.385591,0.004525333,0.013912,0.018437333,0.002665,0.002369333,0.005034333,0.004051,0.035255333,0.039306333,0,0,0,0,0,0,0.062778,0.322813,0.160455333,0.546046333
"ur10","Pinocchio",6,19,1,0,3,1.634554,3.542445429,0.000005891,"",0.384531,0.766235,1.150766,0.013845,0.044049,0.057894,0.007917,0.006955,0.014872,0.01222,0.106489,0.118709,0,0,0,0,0,0,0.191475,0.959291,0.483788,1.634554,255,204,0.128177,0.255411667,0.383588667,0.004615,0.014683,0.019298,0.002639,0.002318333,0.004957333,0.004073333,0.035496333,0.039569667,0,0,0,0,0,0,0.063825,0.319763667,0.161262667,0.544851333
"ur10","Pinocchio",6,20,1,0,4,2.1012,1.308887919,0.000000005,"",0.533855,0.950092,1.483947,0.018891,0.051884,0.070775,0.010998,0.008899,0.019897,0.015592,0.131878,0.14747,0,0,0,0,0,0,0.238142,1.245805,0.617253,2.1012,357,255,0.13346375,0.237523,0.37098675,0.00472275,0.012971,0.01769375,0.0027495,0.00222475,0.00497425,0.003898,0.0329695,0.0368675,0,0,0,0,0,0,0.0595355,0.31145125,0.15431325,0.5253
"ur10","Pinocchio",6,21,1,0,4,2.103743,2.171373106,0.000000331,"",0.535076,0.954303,1.489379,0.018943,0.051647,0.07059,0.011176,0.008719,0.019895,0.015999,0.134287,0.150286,0,0,0,0,0,0,0.240771,1.248608,0.614364,2.103743,357,255,0.133769,0.23857575,0.37234475,0.00473575,0.01291175,0.0176475,0.002794,0.00217975,0.00497375,0.00399975,0.03357175,0.0375715,0,0,0,0,0,0,0.06019275,0.312152,0.153591,0.52593575
"ur10","Pinocchio",6,22,1,0,4,2.114939,2.622822935,0.000004397,"",0.536192,0.970917,1.507109,0.018805,0.052079,0.070884,0.010863,0.009013,0.019876,0.016662,0.132523,0.149185,0,0,0,0,0,0,0.239945,1.267164,0.60783,2.114939,357,255,0.134048,0.24272925,0.37677725,0.00470125,0.01301975,0.017721,0.00271575,0.00225325,0.004969,0.0041655,0.03313075,0.03729625,0,0,0,0,0,0,0.05998625,0.316791,0.1519575,0.52873475
"ur10","Pinocchio",6,23,1,0,4,2.00459,3.68308196,0.000000081,"",0.460049,0.949502,1.409551,0.017065,0.051163,0.068228,0.009586,0.008935,0.018521,0.014611,0.130757,0.145368,0,0,0,0,0,0,0.232117,1.177434,0.595039,2.00459,306,255,0.11501225,0.2373755,0.35238775,0.00426625,0.01279075,0.017057,0.0023965,0.00223375,0.00463025,0.00365275,0.03268925,0.036342,0,0,0,0,0,0,0.05802925,0.2943585,0.14875975,0.5011475
"ur10","CasADi",6,0,1,0,4,8.22337,1.909056717,0.000001817,"",0.512983,7.098922,7.611905,0.01906,0.05154,0.0706,0.009732,0.01263,0.022362,0.014064,0.131184,0.145248,0,0,0,0,0,0,0.23821,7.373695,0.611465,8.22337,357,255,0.12824575,1.7747305,1.90297625,0.004765,0.012885,0.01765,0.002433,0.0031575,0.0055905,0.003516,0.032796,0.036312,0,0,0,0,0,0,0.0595525,1.84342375,0.15286625,2.0558425
"ur10","CasADi",6,1,1,0,4,8.2001,1.053897007,0,"",0.515481,7.076852,7.592333,0.018605,0.050782,0.069387,0.010107,0.012674,0.022781,0.014469,0.1316,0.146069,0,0,0,0,0,0,0.238237,7.354096,0.607767,8.2001,357,255,0.12887025,1.769213,1.89808325,0.00465125,0.0126955,0.01734675,0.00252675,0.0031685,0.00569525,0.00361725,0.0329,0.03651725,0,0,0,0,0,0,0.05955925,1.838524,0.15194175,2.050025
"ur10","CasADi",6,2,1,0,4,8.194862,1.291195025,0.000000002,"",0.5115,7.078198,7.589698,0.018302,0.051053,0.069355,0.010052,0.012149,0.022201,0.013758,0.131358,0.145116,0,0,0,0,0,0,0.236672,7.353026,0.605164,8.194862,357,255,0.127875,1.7695495,1.8974245,0.0045755,0.01276325,0.01733875,0.002513,0.00303725,0.00555025,0.0034395,0.0328395,0.036279,0,0,0,0,0,0,0.059168,1.8382565,0.151291,2.0487155
"ur10","CasADi",6,3,1,0,4,8.140093,2.884888165,0.000000002,"",0.443628,7.102617,7.546245,0.01662,0.051648,0.068268,0.008407,0.012123,0.02053,0.012728,0.134001,0.146729,0,0,0,0,0,0,0.235527,7.310718,0.593848,8.140093,306,255,0.110907,1.77565425,1.88656125,0.004155,0.012912,0.017067,0.00210175,0.00303075,0.0051325,0.003182,0.03350025,0.03668225,0,0,0,0,0,0,0.05888175,1.8276795,0.148462,2.03502325
"ur10","CasADi",6,4,1,0,3,6.525859,2.565951521,0.000000991,"",0.371828,5.678589,6.050417,0.013772,0.040747,0.054519,0.007146,0.010434,0.01758,0.010332,0.105081,0.115413,0,0,0,0,0,0,0.187512,5.862905,0.475442,6.525859,255,204,0.123942667,1.892863,2.016805667,0.004590667,0.013582333,0.018173,0.002382,0.003478,0.00586,0.003444,0.035027,0.038471,0,0,0,0,0,0,0.062504,1.954301667,0.158480667,2.175286333
"ur10","CasADi",6,5,1,0,4,8.234407,1.306516038,0.000000007,"",0.51699,7.102937,7.619927,0.019852,0.05227,0.072122,0.009771,0.012498,0.022269,0.01432,0.132442,0.146762,0,0,0,0,0,0,0.241153,7.378774,0.61448,8.234407,357,255,0.1292475,1.77573425,1.90498175,0.004963,0.0130675,0.0180305,0.00244275,0.0031245,0.00556725,0.00358,0.0331105,0.0366905,0,0,0,0,0,0,0.06028825,1.8446935,0.15362,2.05860175
"ur10","CasADi",6,6,1,0,4,8.278279,1.500469899,0.000000009,"",0.5177,7.142641,7.660341,0.018849,0.053475,0.072324,0.009687,0.011874,0.021561,0.014591,0.137353,0.151944,0,0,0,0,0,0,0.245829,7.414512,0.617938,8.278279,357,255,0.129425,1.78566025,1.91508525,0.00471225,0.01336875,0.018081,0.00242175,0.0029685,0.00539025,0.00364775,0.03433825,0.037986,0,0,0,0,0,0,0.06145725,1.853628,0.1544845,2.06956975
"ur10","CasADi",6,7,1,0,5,9.740475,2.909291954,0,"",0.517109,8.50861,9.025719,0.018645,0.062826,0.081471,0.010435,0.015394,0.025829,0.014419,0.159791,0.17421,0,0,0,0,0,0,0.28151,8.744209,0.714756,9.740475,357,306,0.1034218,1.701722,1.8051438,0.003729,0.0125652,0.0162942,0.002087,0.0030788,0.0051658,0.0028838,0.0319582,0.034842,0,0,0,0,0,0,0.056302,1.7488418,0.1429512,1.948095
"ur10","CasADi",6,8,1,0,4,8.231037,2.654816083,0.00000002,"",0.514354,7.103329,7.617683,0.019045,0.052078,0.071123,0.009745,0.012387,0.022132,0.014737,0.133553,0.14829,0,0,0,0,0,0,0.241545,7.376138,0.613354,8.231037,357,255,0.1285885,1.77583225,1.90442075,0.00476125,0.0130195,0.01778075,0.00243625,0.00309675,0.005533,0.00368425,0.03338825,0.0370725,0,0,0,0,0,0,0.06038625,1.8440345,0.1533385,2.05775925
"ur10","CasADi",6,9,1,0,4,8.218451,4.143455842,0.000040292,"",0.512536,7.094917,7.607453,0.018934,0.05166,0.070594,0.009957,0.009645,0.019602,0.014206,0.134147,0.148353,0,0,0,0,0,0,0.238549,7.368904,0.610998,8.218451,357,255,0.128134,1.77372925,1.90186325,0.0047335,0.012915,0.0176485,0.00248925,0.00241125,0.0049005,0.0035515,0.03353675,0.03708825,0,0,0,0,0,0,0.05963725,1.842226,0.1527495,2.05461275
"ur10","CasADi",6,10,1,0,4,8.226466,2.976780296,0.000000038,"",0.515859,7.096984,7.612843,0.01885,0.05225,0.0711,0.009614,0.011355,0.020969,0.014258,0.131789,0.146047,0,0,0,0,0,0,0.238116,7.374727,0.613623,8.226466,357,255,0.12896475,1.774246,1.90321075,0.0047125,0.0130625,0.017775,0.0024035,0.00283875,0.00524225,0.0035645,0.03294725,0.03651175,0,0,0,0,0,0,0.059529,1.84368175,0.15340575,2.0566165
"ur10","CasADi",6,11,1,0,4,8.222256,2.032833524,0.000000098,"",0.515253,7.096084,7.611337,0.019053,0.051704,0.070757,0.010046,0.012428,0.022474,0.0137,0.132731,0.146431,0,0,0,0,0,0,0.239662,7.371675,0.610919,8.222256,357,255,0.12881325,1.774021,1.90283425,0.00476325,0.012926,0.01768925,0.0025115,0.003107,0.0056185,0.003425,0.03318275,0.03660775,0,0,0,0,0,0,0.0599155,1.84291875,0.15272975,2.055564
"ur10","CasADi",6,12,1,0,5,9.966281,2.582041512,0.0000002,"",0.726121,8.492434,9.218555,0.026287,0.061619,0.087906,0.013721,0.014977,0.028698,0.018834,0.157782,0.176616,0,0,0,0,0,0,0.29322,8.925335,0.747726,9.966281,510,306,0.1452242,1.6984868,1.843711,0.0052574,0.0123238,0.0175812,0.0027442,0.0029954,0.0057396,0.0037668,0.0315564,0.0353232,0,0,0,0,0,0,0.058644,1.785067,0.1495452,1.9932562
"ur10","CasADi",6,13,1,0,4,8.124129,1.433099598,0.000000471,"",0.443646,7.083719,7.527365,0.015942,0.051866,0.067808,0.009033,0.012672,0.021705,0.012576,0.132705,0.145281,0,0,0,0,0,0,0.234794,7.292571,0.596764,8.124129,306,255,0.1109115,1.77092975,1.88184125,0.0039855,0.0129665,0.016952,0.00225825,0.003168,0.00542625,0.003144,0.03317625,0.03632025,0,0,0,0,0,0,0.0586985,1.82314275,0.149191,2.03103225
"ur10","CasADi",6,14,1,0,4,8.210934,1.840568748,0.000004187,"",0.514085,7.084374,7.598459,0.019121,0.051823,0.070944,0.009899,0.012797,0.022696,0.013642,0.130735,0.144377,0,0,0,0,0,0,0.238017,7.360442,0.612475,8.210934,357,255,0.12852125,1.7710935,1.89961475,0.00478025,0.01295575,0.017736,0.00247475,0.00319925,0.005674,0.0034105,0.03268375,0.03609425,0,0,0,0,0,0,0.05950425,1.8401105,0.15311875,2.0527335
"ur10","CasADi",6,15,1,0,4,8.214833,2.102901033,0.000000007,"",0.512412,7.088001,7.600413,0.018762,0.050874,0.069636,0.010131,0.012426,0.022557,0.014185,0.131673,0.145858,0,0,0,0,0,0,0.238051,7.362362,0.61442,8.214833,357,255,0.128103,1.77200025,1.90010325,0.0046905,0.0127185,0.017409,0.00253275,0.0031065,0.00563925,0.00354625,0.03291825,0.0364645,0,0,0,0,0,0,0.05951275,1.8405905,0.153605,2.05370825
"ur10","CasADi",6,16,1,0,4,8.196735,3.321376873,0.000000172,"",0.510249,7.079821,7.59007,0.018285,0.05078,0.069065,0.009618,0.012431,0.022049,0.014113,0.130916,0.145029,0,0,0,0,0,0,0.236143,7.353927,0.606665,8.196735,357,255,0.12756225,1.76995525,1.8975175,0.00457125,0.012695,0.01726625,0.0024045,0.00310775,0.00551225,0.00352825,0.032729,0.03625725,0,0,0,0,0,0,0.05903575,1.83848175,0.15166625,2.04918375
"ur10","CasADi",6,17,1,0,4,8.213029,3.586334503,0.000000147,"",0.517011,7.081585,7.598596,0.019293,0.052253,0.071546,0.011763,0.012376,0.024139,0.014132,0.133004,0.147136,0,0,0,0,0,0,0.242821,7.355775,0.614433,8.213029,357,255,0.12925275,1.77039625,1.899649,0.00482325,0.01306325,0.0178865,0.00294075,0.003094,0.00603475,0.003533,0.033251,0.036784,0,0,0,0,0,0,0.06070525,1.83894375,0.15360825,2.05325725
"ur10","CasADi",6,18,1,0,3,6.516181,1.420969148,0.000005626,"",0.370496,5.668678,6.039174,0.013565,0.041139,0.054704,0.007117,0.00726,0.014377,0.010265,0.103484,0.113749,0,0,0,0,0,0,0.18283,5.856344,0.477007,6.516181,255,204,0.123498667,1.889559333,2.013058,0.004521667,0.013713,0.018234667,0.002372333,0.00242,0.004792333,0.003421667,0.034494667,0.037916333,0,0,0,0,0,0,0.060943333,1.952114667,0.159002333,2.172060333
"ur10","CasADi",6,19,1,0,3,6.508979,3.542445429,0.000005891,"",0.372936,5.660112,6.033048,0.013815,0.041403,0.055218,0.007349,0.00898,0.016329,0.010336,0.105608,0.115944,0,0,0,0,0,0,0.187491,5.845557,0.475931,6.508979,255,204,0.124312,1.886704,2.011016,0.004605,0.013801,0.018406,0.002449667,0.002993333,0.005443,0.003445333,0.035202667,0.038648,0,0,0,0,0,0,0.062497,1.948519,0.158643667,2.169659667
"ur10","CasADi",6,20,1,0,4,8.231631,1.308887919,0.000000005,"",0.512547,7.100258,7.612805,0.019142,0.053754,0.072896,0.009972,0.01299,0.022962,0.013928,0.133493,0.147421,0,0,0,0,0,0,0.243279,7.369526,0.618826,8.231631,357,255,0.12813675,1.7750645,1.90320125,0.0047855,0.0134385,0.018224,0.002493,0.0032475,0.0057405,0.003482,0.03337325,0.03685525,0,0,0,0,0,0,0.06081975,1.8423815,0.1547065,2.05790775
"ur10","CasADi",6,21,1,0,4,8.189809,2.171373106,0.000000331,"",0.513085,7.070168,7.583253,0.018953,0.052145,0.071098,0.009897,0.012727,0.022624,0.013832,0.13261,0.146442,0,0,0,0,0,0,0.240164,7.343089,0.606556,8.189809,357,255,0.12827125,1.767542,1.89581325,0.00473825,0.01303625,0.0177745,0.00247425,0.00318175,0.005656,0.003458,0.0331525,0.0366105,0,0,0,0,0,0,0.060041,1.83577225,0.151639,2.04745225
"ur10","CasADi",6,22,1,0,4,7.949473,2.622822935,0.000004397,"",0.500293,6.84189,7.342183,0.018314,0.050475,0.068789,0.010068,0.009613,0.019681,0.01415,0.12758,0.14173,0,0,0,0,0,0,0.2302,7.111983,0.60729,7.949473,357,255,0.12507325,1.7104725,1.83554575,0.0045785,0.01261875,0.01719725,0.002517,0.00240325,0.00492025,0.0035375,0.031895,0.0354325,0,0,0,0,0,0,0.05755,1.77799575,0.1518225,1.98736825
"ur10","CasADi",6,23,1,0,4,7.874831,3.68308196,0.000000081,"",0.434483,6.851187,7.28567,0.016327,0.050876,0.067203,0.008849,0.012367,0.021216,0.013614,0.129484,0.143098,0,0,0,0,0,0,0.231517,7.054153,0.589161,7.874831,306,255,0.10862075,1.71279675,1.8214175,0.00408175,0.012719,0.01680075,0.00221225,0.00309175,0.005304,0.0034035,0.032371,0.0357745,0,0,0,0,0,0,0.05787925,1.76353825,0.14729025,1.96870775
"leap_hand","TetraPGA",16,0,1,0,8,17.647156,3.745454039,0.000013209,"",2.587351,7.089007,9.676358,0.039453,0.139349,0.178802,0.029598,0.023387,0.052985,0.054473,1.803726,1.858199,0,0,0,0,0,0,2.089986,7.586372,7.970798,17.647156,814,459,0.323418875,0.886125875,1.20954475,0.004931625,0.017418625,0.02235025,0.00369975,0.002923375,0.006623125,0.006809125,0.22546575,0.232274875,0,0,0,0,0,0,0.26124825,0.9482965,0.99634975,2.2058945
"leap_hand","TetraPGA",16,1,1,0,8,17.695947,3.941059419,0.000000012,"",2.418844,7.216255,9.635099,0.038444,0.144894,0.183338,0.028654,0.023078,0.051732,0.056979,1.832743,1.889722,0,0,0,0,0,0,2.124792,7.510307,8.060848,17.695947,752,459,0.3023555,0.902031875,1.204387375,0.0048055,0.01811175,0.02291725,0.00358175,0.00288475,0.0064665,0.007122375,0.229092875,0.23621525,0,0,0,0,0,0,0.265599,0.938788375,1.007606,2.211993375
"leap_hand","TetraPGA",16,2,1,0,9,19.687522,4.116739672,0.000000046,"",2.905366,7.912742,10.818108,0.045073,0.157265,0.202338,0.033311,0.025203,0.058514,0.064152,2.006017,2.070169,0,0,0,0,0,0,2.331021,8.487087,8.869414,19.687522,912,510,0.322818444,0.879193556,1.202012,0.005008111,0.017473889,0.022482,0.003701222,0.002800333,0.006501556,0.007128,0.222890778,0.230018778,0,0,0,0,0,0,0.259002333,0.943009667,0.985490444,2.187502444
"leap_hand","TetraPGA",16,3,1,0,7,15.435432,3.264984419,0.000065142,"",2.120154,6.297972,8.418126,0.03248,0.122517,0.154997,0.024683,0.020405,0.045088,0.045869,1.606601,1.65247,0,0,0,0,0,0,1.852555,6.565571,7.017306,15.435432,663,408,0.302879143,0.899710286,1.202589429,0.00464,0.017502429,0.022142429,0.003526143,0.002915,0.006441143,0.006552714,0.229514429,0.236067143,0,0,0,0,0,0,0.264650714,0.937938714,1.002472286,2.205061714
"leap_hand","TetraPGA",16,4,1,0,7,15.45328,6.353300778,0.000001044,"",2.07286,6.311274,8.384134,0.032039,0.123147,0.155186,0.02483,0.019827,0.044657,0.04344,1.607343,1.650783,0,0,0,0,0,0,1.850626,6.533508,7.069146,15.45328,652,408,0.296122857,0.901610571,1.197733429,0.004577,0.017592429,0.022169429,0.003547143,0.002832429,0.006379571,0.006205714,0.229620429,0.235826143,0,0,0,0,0,0,0.264375143,0.933358286,1.009878,2.207611429
"leap_hand","TetraPGA",16,5,1,0,7,15.800705,4.59766067,0.00003237,"",2.339203,6.32211,8.661313,0.034479,0.122694,0.157173,0.026048,0.020229,0.046277,0.046904,1.597808,1.644712,0,0,0,0,0,0,1.848162,6.813151,7.139392,15.800705,740,408,0.334171857,0.903158571,1.237330429,0.004925571,0.017527714,0.022453286,0.003721143,0.002889857,0.006611,0.006700571,0.228258286,0.234958857,0,0,0,0,0,0,0.264023143,0.973307286,1.019913143,2.257243571
"leap_hand","TetraPGA",16,6,1,0,14,31.82882,2.79407209,0,"",6.309664,11.857376,18.16704,0.094777,0.23012,0.324897,0.071185,0.038122,0.109307,0.12525,3.006828,3.132078,0,0,0,0,0,0,3.566282,14.600758,13.66178,31.82882,2002,765,0.450690286,0.846955429,1.297645714,0.006769786,0.016437143,0.023206929,0.005084643,0.002723,0.007807643,0.008946429,0.214773429,0.223719857,0,0,0,0,0,0,0.254734429,1.042911286,0.975841429,2.273487143
"leap_hand","TetraPGA",16,7,1,0,9,20.664149,4.703545905,0.000065576,"",3.739743,7.903386,11.643129,0.055477,0.155177,0.210654,0.040985,0.02463,0.065615,0.07052,2.0051,2.07562,0,0,0,0,0,0,2.351889,9.29124,9.02102,20.664149,1178,510,0.415527,0.878154,1.293681,0.006164111,0.017241889,0.023406,0.004553889,0.002736667,0.007290556,0.007835556,0.222788889,0.230624444,0,0,0,0,0,0,0.261321,1.03236,1.002335556,2.296016556
"leap_hand","TetraPGA",16,8,1,0,4,9.645414,2.756482411,0.000075885,"",1.170777,4.03711,5.207887,0.020364,0.080544,0.100908,0.014907,0.013916,0.028823,0.031095,1.012705,1.0438,0,0,0,0,0,0,1.173531,4.034356,4.437527,9.645414,357,255,0.29269425,1.0092775,1.30197175,0.005091,0.020136,0.025227,0.00372675,0.003479,0.00720575,0.00777375,0.25317625,0.26095,0,0,0,0,0,0,0.29338275,1.008589,1.10938175,2.4113535
"leap_hand","TetraPGA",16,9,1,0,9,20.413532,4.788900291,0.000000699,"",3.542265,7.872817,11.415082,0.053809,0.153812,0.207621,0.040486,0.025015,0.065501,0.071348,1.994453,2.065801,0,0,0,0,0,0,2.338923,9.076159,8.99845,20.413532,1119,510,0.393585,0.874757444,1.268342444,0.005978778,0.017090222,0.023069,0.004498444,0.002779444,0.007277889,0.007927556,0.221605889,0.229533444,0,0,0,0,0,0,0.259880333,1.008462111,0.999827778,2.268170222
"leap_hand","TetraPGA",16,10,1,0,11,25.164912,8.372780182,0.000000239,"",4.826714,9.442449,14.269163,0.072055,0.184749,0.256804,0.054978,0.030603,0.085581,0.09446,2.399153,2.493613,0,0,0,0,0,0,2.835998,11.433165,10.895749,25.164912,1523,612,0.438792182,0.858404455,1.297196636,0.006550455,0.016795364,0.023345818,0.004998,0.002782091,0.007780091,0.008587273,0.218104818,0.226692091,0,0,0,0,0,0,0.257818,1.039378636,0.990522636,2.287719273
"leap_hand","TetraPGA",16,11,1,0,10,22.512658,4.177924496,0.000002228,"",4.003839,8.621863,12.625702,0.055437,0.16715,0.222587,0.044001,0.027741,0.071742,0.074051,2.185813,2.259864,0,0,0,0,0,0,2.554193,10.071509,9.886956,22.512658,1271,561,0.4003839,0.8621863,1.2625702,0.0055437,0.016715,0.0222587,0.0044001,0.0027741,0.0071742,0.0074051,0.2185813,0.2259864,0,0,0,0,0,0,0.2554193,1.0071509,0.9886956,2.2512658
"leap_hand","TetraPGA",16,12,1,0,7,15.498431,6.014331771,0.000000018,"",2.114466,6.287101,8.401567,0.032933,0.121426,0.154359,0.024996,0.019828,0.044824,0.047481,1.590934,1.638415,0,0,0,0,0,0,1.837598,6.563969,7.096864,15.498431,663,408,0.302066571,0.898157286,1.200223857,0.004704714,0.017346571,0.022051286,0.003570857,0.002832571,0.006403429,0.006783,0.227276286,0.234059286,0,0,0,0,0,0,0.262514,0.937709857,1.013837714,2.214061571
"leap_hand","TetraPGA",16,13,1,0,7,15.445259,3.264584397,0.000000178,"",2.107172,6.239079,8.346251,0.032619,0.113595,0.146214,0.024591,0.019585,0.044176,0.045254,1.573671,1.618925,0,0,0,0,0,0,1.809315,6.536936,7.099008,15.445259,660,408,0.301024571,0.891297,1.192321571,0.004659857,0.016227857,0.020887714,0.003513,0.002797857,0.006310857,0.006464857,0.224810143,0.231275,0,0,0,0,0,0,0.258473571,0.933848,1.014144,2.206465571
"leap_hand","TetraPGA",16,14,1,0,10,22.070619,3.864301019,0.000007811,"",3.700561,8.514271,12.214832,0.053916,0.148844,0.20276,0.040956,0.028093,0.069049,0.074696,2.146058,2.220754,0,0,0,0,0,0,2.492563,9.722269,9.855787,22.070619,1173,561,0.3700561,0.8514271,1.2214832,0.0053916,0.0148844,0.020276,0.0040956,0.0028093,0.0069049,0.0074696,0.2146058,0.2220754,0,0,0,0,0,0,0.2492563,0.9722269,0.9855787,2.2070619
"leap_hand","TetraPGA",16,15,1,0,7,15.690527,3.220188791,0.000000003,"",2.312046,6.239777,8.551823,0.035808,0.10716,0.142968,0.027267,0.019373,0.04664,0.052144,1.569631,1.621775,0,0,0,0,0,0,1.811383,6.74044,7.138704,15.690527,726,408,0.330292286,0.891396714,1.221689,0.005115429,0.015308571,0.020424,0.003895286,0.002767571,0.006662857,0.007449143,0.224233,0.231682143,0,0,0,0,0,0,0.258769,0.96292,1.019814857,2.241503857
"leap_hand","TetraPGA",16,16,1,0,9,19.71239,4.525780334,0,"",2.934419,7.806924,10.741343,0.048269,0.134382,0.182651,0.034911,0.024231,0.059142,0.068843,1.957565,2.026408,0,0,0,0,0,0,2.268201,8.473142,8.971047,19.71239,918,510,0.326046556,0.867436,1.193482556,0.005363222,0.014931333,0.020294556,0.003879,0.002692333,0.006571333,0.007649222,0.217507222,0.225156444,0,0,0,0,0,0,0.252022333,0.941460222,0.996783,2.190265556
"leap_hand","TetraPGA",16,17,1,0,8,17.817673,3.916902102,0.000000438,"",2.737543,7.012193,9.749736,0.045313,0.122343,0.167656,0.032289,0.021828,0.054117,0.06026,1.763968,1.824228,0,0,0,0,0,0,2.046001,7.703735,8.067937,17.817673,862,459,0.342192875,0.876524125,1.218717,0.005664125,0.015292875,0.020957,0.004036125,0.0027285,0.006764625,0.0075325,0.220496,0.2280285,0,0,0,0,0,0,0.255750125,0.962966875,1.008492125,2.227209125
"leap_hand","TetraPGA",16,18,1,0,7,15.577773,3.119008803,0.000062244,"",2.268286,6.188826,8.457112,0.036499,0.107565,0.144064,0.02659,0.018914,0.045504,0.04946,1.552161,1.601621,0,0,0,0,0,0,1.791189,6.665923,7.120661,15.577773,714,408,0.324040857,0.884118,1.208158857,0.005214143,0.015366429,0.020580571,0.003798571,0.002702,0.006500571,0.007065714,0.221737286,0.228803,0,0,0,0,0,0,0.255884143,0.952274714,1.017237286,2.225396143
"leap_hand","TetraPGA",16,19,1,0,9,19.950167,3.624100059,0.000000008,"",3.215311,7.747272,10.962583,0.049271,0.135358,0.184629,0.039047,0.024999,0.064046,0.071224,1.94608,2.017304,0,0,0,0,0,0,2.265979,8.696604,8.987584,19.950167,1015,510,0.357256778,0.860808,1.218064778,0.005474556,0.015039778,0.020514333,0.004338556,0.002777667,0.007116222,0.007913778,0.216231111,0.224144889,0,0,0,0,0,0,0.251775444,0.966289333,0.998620444,2.216685222
"leap_hand","TetraPGA",16,20,1,0,9,20.095943,6.267925244,0.000010328,"",3.387929,7.727523,11.115452,0.050696,0.133898,0.184594,0.03836,0.024991,0.063351,0.071057,1.945979,2.017036,0,0,0,0,0,0,2.264981,8.850471,8.980491,20.095943,1069,510,0.376436556,0.858613667,1.235050222,0.005632889,0.014877556,0.020510444,0.004262222,0.002776778,0.007039,0.007895222,0.216219889,0.224115111,0,0,0,0,0,0,0.251664556,0.983385667,0.997832333,2.232882556
"leap_hand","TetraPGA",16,21,1,0,12,27.332479,4.102303079,0.000007294,"",5.431072,10.087942,15.519014,0.083069,0.173072,0.256141,0.060984,0.030108,0.091092,0.110479,2.533836,2.644315,0,0,0,0,0,0,2.991548,12.527466,11.813465,27.332479,1712,663,0.452589333,0.840661833,1.293251167,0.006922417,0.014422667,0.021345083,0.005082,0.002509,0.007591,0.009206583,0.211153,0.220359583,0,0,0,0,0,0,0.249295667,1.0439555,0.984455417,2.277706583
"leap_hand","TetraPGA",16,22,1,0,10,21.748109,6.2999002,0.000002996,"",3.430272,8.501532,11.931804,0.052517,0.151166,0.203683,0.040723,0.026031,0.066754,0.074383,2.143826,2.218209,0,0,0,0,0,0,2.488646,9.443158,9.816305,21.748109,1083,561,0.3430272,0.8501532,1.1931804,0.0052517,0.0151166,0.0203683,0.0040723,0.0026031,0.0066754,0.0074383,0.2143826,0.2218209,0,0,0,0,0,0,0.2488646,0.9443158,0.9816305,2.1748109
"leap_hand","TetraPGA",16,23,1,0,9,19.614649,6.863923767,0.000000728,"",2.918019,7.757887,10.675906,0.045745,0.135582,0.181327,0.033846,0.027053,0.060899,0.056654,1.951584,2.008238,0,0,0,0,0,0,2.250464,8.425442,8.938743,19.614649,923,510,0.324224333,0.861987444,1.186211778,0.005082778,0.015064667,0.020147444,0.003760667,0.003005889,0.006766556,0.006294889,0.216842667,0.223137556,0,0,0,0,0,0,0.250051556,0.936160222,0.993193667,2.179405444
"leap_hand","Pinocchio",16,0,1,0,8,18.110876,3.745454039,0.000013209,"",3.126443,6.782833,9.909276,0.085144,0.239533,0.324677,0.034258,0.021851,0.056109,0.047918,1.744474,1.792392,0,0,0,0,0,0,2.173178,7.736098,8.2016,18.110876,814,459,0.390805375,0.847854125,1.2386595,0.010643,0.029941625,0.040584625,0.00428225,0.002731375,0.007013625,0.00598975,0.21805925,0.224049,0,0,0,0,0,0,0.27164725,0.96701225,1.0252,2.2638595
"leap_hand","Pinocchio",16,1,1,0,8,17.968151,3.941059419,0.000000012,"",2.90377,6.798076,9.701846,0.078842,0.242469,0.321311,0.03103,0.022156,0.053186,0.044969,1.75443,1.799399,0,0,0,0,0,0,2.173896,7.52795,8.266305,17.968151,752,459,0.36297125,0.8497595,1.21273075,0.00985525,0.030308625,0.040163875,0.00387875,0.0027695,0.00664825,0.005621125,0.21930375,0.224924875,0,0,0,0,0,0,0.271737,0.94099375,1.033288125,2.246018875
"leap_hand","Pinocchio",16,2,1,0,9,20.339228,4.116739672,0.000000046,"",3.522118,7.601513,11.123631,0.094461,0.269401,0.363862,0.039378,0.026201,0.065579,0.054793,1.946791,2.001584,0,0,0,0,0,0,2.431025,8.692606,9.215597,20.339228,912,510,0.391346444,0.844612556,1.235959,0.010495667,0.029933444,0.040429111,0.004375333,0.002911222,0.007286556,0.006088111,0.216310111,0.222398222,0,0,0,0,0,0,0.270113889,0.965845111,1.023955222,2.259914222
"leap_hand","Pinocchio",16,3,1,0,7,15.765854,3.264984419,0.000065142,"",2.563872,5.971741,8.535613,0.067373,0.212341,0.279714,0.028762,0.019213,0.047975,0.04364,1.540602,1.584242,0,0,0,0,0,0,1.911931,6.623682,7.230241,15.765854,663,408,0.366267429,0.853105857,1.219373286,0.009624714,0.030334429,0.039959143,0.004108857,0.002744714,0.006853571,0.006234286,0.220086,0.226320286,0,0,0,0,0,0,0.273133,0.946240286,1.032891571,2.252264857
"leap_hand","Pinocchio",16,4,1,0,7,15.707029,6.353300778,0.000001044,"",2.49663,5.95541,8.45204,0.06468,0.210661,0.275341,0.026435,0.018851,0.045286,0.039616,1.536949,1.576565,0,0,0,0,0,0,1.897192,6.554848,7.254989,15.707029,652,408,0.356661429,0.850772857,1.207434286,0.00924,0.030094429,0.039334429,0.003776429,0.002693,0.006469429,0.005659429,0.219564143,0.225223571,0,0,0,0,0,0,0.271027429,0.936406857,1.036427,2.243861286
"leap_hand","Pinocchio",16,5,1,0,7,16.101903,4.59766067,0.00003237,"",2.831876,5.941493,8.773369,0.073486,0.210814,0.2843,0.028049,0.019513,0.047562,0.044454,1.532345,1.576799,0,0,0,0,0,0,1.908661,6.864708,7.328534,16.101903,740,408,0.404553714,0.848784714,1.253338429,0.010498,0.030116286,0.040614286,0.004007,0.002787571,0.006794571,0.006350571,0.218906429,0.225257,0,0,0,0,0,0,0.272665857,0.980672571,1.046933429,2.300271857
"leap_hand","Pinocchio",16,6,1,0,14,32.926619,2.79407209,0,"",7.61793,11.102975,18.720905,0.196221,0.396697,0.592918,0.077853,0.035203,0.113056,0.111883,2.87106,2.982943,0,0,0,0,0,0,3.688917,15.031988,14.205714,32.926619,2002,765,0.544137857,0.793069643,1.3372075,0.014015786,0.0283355,0.042351286,0.005560929,0.0025145,0.008075429,0.007991643,0.205075714,0.213067357,0,0,0,0,0,0,0.263494071,1.073713429,1.014693857,2.351901357
"leap_hand","Pinocchio",16,7,1,0,9,21.197887,4.703545905,0.000065576,"",4.48497,7.387004,11.871974,0.114469,0.26709,0.381559,0.046967,0.023524,0.070491,0.064631,1.911457,1.976088,0,0,0,0,0,0,2.428138,9.443836,9.325913,21.197887,1178,510,0.49833,0.820778222,1.319108222,0.012718778,0.029676667,0.042395444,0.005218556,0.002613778,0.007832333,0.007181222,0.212384111,0.219565333,0,0,0,0,0,0,0.269793111,1.049315111,1.036212556,2.355320778
"leap_hand","Pinocchio",16,8,1,0,4,9.642428,2.756482411,0.000075885,"",1.378978,3.743973,5.122951,0.035834,0.136197,0.172031,0.015353,0.011998,0.027351,0.021518,0.965231,0.986749,0,0,0,0,0,0,1.186131,3.93682,4.519477,9.642428,357,255,0.3447445,0.93599325,1.28073775,0.0089585,0.03404925,0.04300775,0.00383825,0.0029995,0.00683775,0.0053795,0.24130775,0.24668725,0,0,0,0,0,0,0.29653275,0.984205,1.12986925,2.410607
"leap_hand","Pinocchio",16,9,1,0,9,20.998965,4.788900291,0.000000699,"",4.280496,7.405498,11.685994,0.11262,0.261067,0.373687,0.047605,0.023786,0.071391,0.063472,1.91604,1.979512,0,0,0,0,0,0,2.42459,9.261404,9.312971,20.998965,1119,510,0.475610667,0.822833111,1.298443778,0.012513333,0.029007444,0.041520778,0.005289444,0.002642889,0.007932333,0.007052444,0.212893333,0.219945778,0,0,0,0,0,0,0.269398889,1.029044889,1.034774556,2.333218333
"leap_hand","Pinocchio",16,10,1,0,11,26.225666,8.372780182,0.000000239,"",5.852632,8.97466,14.827292,0.15471,0.317876,0.472586,0.061305,0.029635,0.09094,0.090092,2.316875,2.406967,0,0,0,0,0,0,2.970493,11.856799,11.398374,26.225666,1523,612,0.532057455,0.815878182,1.347935636,0.014064545,0.028897818,0.042962364,0.005573182,0.002694091,0.008267273,0.008190182,0.210625,0.218815182,0,0,0,0,0,0,0.270044818,1.077890818,1.036215818,2.384151455
"leap_hand","Pinocchio",16,11,1,0,10,23.199087,4.177924496,0.000002228,"",4.83188,8.149265,12.981145,0.125192,0.286606,0.411798,0.050704,0.025512,0.076216,0.069834,2.122617,2.192451,0,0,0,0,0,0,2.680465,10.30068,10.217942,23.199087,1271,561,0.483188,0.8149265,1.2981145,0.0125192,0.0286606,0.0411798,0.0050704,0.0025512,0.0076216,0.0069834,0.2122617,0.2192451,0,0,0,0,0,0,0.2680465,1.030068,1.0217942,2.3199087
"leap_hand","Pinocchio",16,12,1,0,7,15.813026,6.014331771,0.000000018,"",2.544952,5.964533,8.509485,0.067015,0.210523,0.277538,0.027259,0.018817,0.046076,0.039395,1.544729,1.584124,0,0,0,0,0,0,1.907738,6.601747,7.303541,15.813026,663,408,0.363564571,0.852076143,1.215640714,0.009573571,0.030074714,0.039648286,0.003894143,0.002688143,0.006582286,0.005627857,0.220675571,0.226303429,0,0,0,0,0,0,0.272534,0.943106714,1.043363,2.259003714
"leap_hand","Pinocchio",16,13,1,0,7,15.861941,3.264584397,0.000000178,"",2.543346,5.995288,8.538634,0.067498,0.214621,0.282119,0.025833,0.019967,0.0458,0.040713,1.550217,1.59093,0,0,0,0,0,0,1.918849,6.619785,7.323307,15.861941,660,408,0.363335143,0.856469714,1.219804857,0.009642571,0.030660143,0.040302714,0.003690429,0.002852429,0.006542857,0.005816143,0.221459571,0.227275714,0,0,0,0,0,0,0.274121286,0.945683571,1.046186714,2.265991571
"leap_hand","Pinocchio",16,14,1,0,10,22.934382,3.864301019,0.000007811,"",4.462519,8.229712,12.692231,0.115146,0.290654,0.4058,0.046745,0.026563,0.073308,0.064165,2.125221,2.189386,0,0,0,0,0,0,2.668494,10.023737,10.242151,22.934382,1173,561,0.4462519,0.8229712,1.2692231,0.0115146,0.0290654,0.04058,0.0046745,0.0026563,0.0073308,0.0064165,0.2125221,0.2189386,0,0,0,0,0,0,0.2668494,1.0023737,1.0242151,2.2934382
"leap_hand","Pinocchio",16,15,1,0,7,16.10551,3.220188791,0.000000003,"",2.786395,5.980976,8.767371,0.073127,0.211621,0.284748,0.031352,0.019212,0.050564,0.042508,1.545288,1.587796,0,0,0,0,0,0,1.923108,6.844263,7.338139,16.10551,726,408,0.398056429,0.854425143,1.252481571,0.010446714,0.030231571,0.040678286,0.004478857,0.002744571,0.007223429,0.006072571,0.220755429,0.226828,0,0,0,0,0,0,0.274729714,0.977751857,1.048305571,2.300787143
"leap_hand","Pinocchio",16,16,1,0,9,20.043659,4.525780334,0,"",3.520177,7.371167,10.891344,0.093198,0.261004,0.354202,0.038579,0.024669,0.063248,0.054588,1.905957,1.960545,0,0,0,0,0,0,2.377995,8.513349,9.152315,20.043659,918,510,0.391130778,0.819018556,1.210149333,0.010355333,0.029000444,0.039355778,0.004286556,0.002741,0.007027556,0.006065333,0.211773,0.217838333,0,0,0,0,0,0,0.264221667,0.945927667,1.016923889,2.227073222
"leap_hand","Pinocchio",16,17,1,0,8,18.202148,3.916902102,0.000000438,"",3.290885,6.637995,9.92888,0.08399,0.233638,0.317628,0.035549,0.021297,0.056846,0.04977,1.713534,1.763304,0,0,0,0,0,0,2.137778,7.791102,8.273268,18.202148,863,459,0.411360625,0.829749375,1.24111,0.01049875,0.02920475,0.0397035,0.004443625,0.002662125,0.00710575,0.00622125,0.21419175,0.220413,0,0,0,0,0,0,0.26722225,0.97388775,1.0341585,2.2752685
"leap_hand","Pinocchio",16,18,1,0,7,16.058214,3.119008803,0.000062244,"",2.751766,5.983064,8.73483,0.072704,0.212755,0.285459,0.029661,0.0191,0.048761,0.042549,1.537967,1.580516,0,0,0,0,0,0,1.914736,6.820094,7.323384,16.058214,714,408,0.393109429,0.854723429,1.247832857,0.010386286,0.030393571,0.040779857,0.004237286,0.002728571,0.006965857,0.006078429,0.219709571,0.225788,0,0,0,0,0,0,0.273533714,0.974299143,1.046197714,2.294030571
"leap_hand","Pinocchio",16,19,1,0,9,20.604489,3.624100059,0.000000008,"",3.886513,7.453553,11.340066,0.101395,0.267064,0.368459,0.040206,0.024933,0.065139,0.060099,1.921464,1.981563,0,0,0,0,0,0,2.415161,8.924905,9.264423,20.604489,1015,510,0.431834778,0.828172556,1.260007333,0.011266111,0.029673778,0.040939889,0.004467333,0.002770333,0.007237667,0.006677667,0.213496,0.220173667,0,0,0,0,0,0,0.268351222,0.991656111,1.029380333,2.289387667
"leap_hand","Pinocchio",16,20,1,0,9,20.812271,6.267925244,0.000010328,"",4.08451,7.42415,11.50866,0.105842,0.261962,0.367804,0.042242,0.023313,0.065555,0.061256,1.926367,1.987623,0,0,0,0,0,0,2.420982,9.087678,9.303611,20.812271,1069,510,0.453834444,0.824905556,1.27874,0.011760222,0.029106889,0.040867111,0.004693556,0.002590333,0.007283889,0.006806222,0.214040778,0.220847,0,0,0,0,0,0,0.268998,1.009742,1.033734556,2.312474556
"leap_hand","Pinocchio",16,21,1,0,12,28.444488,4.102303079,0.000007294,"",6.523391,9.621736,16.145127,0.16448,0.347518,0.511998,0.069751,0.032916,0.102667,0.09664,2.488641,2.585281,0,0,0,0,0,0,3.199946,12.945181,12.299361,28.444488,1712,663,0.543615917,0.801811333,1.34542725,0.013706667,0.028959833,0.0426665,0.005812583,0.002743,0.008555583,0.008053333,0.20738675,0.215440083,0,0,0,0,0,0,0.266662167,1.078765083,1.02494675,2.370374
"leap_hand","Pinocchio",16,22,1,0,10,22.390312,6.2999002,0.000002996,"",4.132954,8.119511,12.252465,0.107062,0.290409,0.397471,0.042975,0.026205,0.06918,0.062353,2.111897,2.17425,0,0,0,0,0,0,2.640901,9.611564,10.137847,22.390312,1083,561,0.4132954,0.8119511,1.2252465,0.0107062,0.0290409,0.0397471,0.0042975,0.0026205,0.006918,0.0062353,0.2111897,0.217425,0,0,0,0,0,0,0.2640901,0.9611564,1.0137847,2.2390312
"leap_hand","Pinocchio",16,23,1,0,9,20.108487,6.863923767,0.000000728,"",3.514308,7.423669,10.937977,0.090949,0.265733,0.356682,0.039383,0.024034,0.063417,0.051531,1.9269,1.978431,0,0,0,0,0,0,2.39853,8.539447,9.17051,20.108487,922,510,0.390478667,0.824852111,1.215330778,0.010105444,0.029525889,0.039631333,0.004375889,0.002670444,0.007046333,0.005725667,0.2141,0.219825667,0,0,0,0,0,0,0.266503333,0.948827444,1.018945556,2.234276333
"leap_hand","CasADi",16,0,1,0,8,42.859981,3.745454039,0.000013209,"",3.054978,31.460967,34.515945,0.081535,0.244742,0.326277,0.041972,0.031052,0.073024,0.057547,1.765739,1.823286,0,0,0,0,0,0,2.222587,32.293358,8.344036,42.859981,814,459,0.38187225,3.932620875,4.314493125,0.010191875,0.03059275,0.040784625,0.0052465,0.0038815,0.009128,0.007193375,0.220717375,0.22791075,0,0,0,0,0,0,0.277823375,4.03666975,1.0430045,5.357497625
"leap_hand","CasADi",16,1,1,0,8,42.632779,3.941059419,0.000000012,"",2.820153,31.444202,34.264355,0.073904,0.246685,0.320589,0.037048,0.031852,0.0689,0.053512,1.747743,1.801255,0,0,0,0,0,0,2.190744,32.073611,8.368424,42.632779,752,459,0.352519125,3.93052525,4.283044375,0.009238,0.030835625,0.040073625,0.004631,0.0039815,0.0086125,0.006689,0.218467875,0.225156875,0,0,0,0,0,0,0.273843,4.009201375,1.046053,5.329097375
"leap_hand","CasADi",16,2,1,0,9,47.218232,4.116739672,0.000000046,"",3.361334,34.730974,38.092308,0.087184,0.261566,0.34875,0.044122,0.035879,0.080001,0.062272,1.87164,1.933912,0,0,0,0,0,0,2.362663,35.729645,9.125924,47.218232,912,510,0.373481556,3.858997111,4.232478667,0.009687111,0.029062889,0.03875,0.004902444,0.003986556,0.008889,0.006919111,0.20796,0.214879111,0,0,0,0,0,0,0.262518111,3.969960556,1.013991556,5.246470222
"leap_hand","CasADi",16,3,1,0,7,37.427346,3.264984419,0.000065142,"",2.446187,27.782414,30.228601,0.062615,0.206234,0.268849,0.031892,0.026248,0.05814,0.044954,1.496876,1.54183,0,0,0,0,0,0,1.868819,28.359782,7.198745,37.427346,663,408,0.349455286,3.968916286,4.318371571,0.008945,0.029462,0.038407,0.004556,0.003749714,0.008305714,0.006422,0.213839429,0.220261429,0,0,0,0,0,0,0.266974143,4.051397429,1.028392143,5.346763714
"leap_hand","CasADi",16,4,1,0,7,37.434879,6.353300778,0.000001044,"",2.407901,27.772576,30.180477,0.062562,0.210053,0.272615,0.031581,0.029103,0.060684,0.042768,1.494886,1.537654,0,0,0,0,0,0,1.870953,28.309524,7.254402,37.434879,652,408,0.343985857,3.967510857,4.311496714,0.008937429,0.030007571,0.038945,0.004511571,0.004157571,0.008669143,0.006109714,0.213555143,0.219664857,0,0,0,0,0,0,0.267279,4.044217714,1.036343143,5.347839857
"leap_hand","CasADi",16,5,1,0,7,37.886645,4.59766067,0.00003237,"",2.714748,27.808403,30.523151,0.071609,0.208897,0.280506,0.035085,0.028888,0.063973,0.045234,1.496683,1.541917,0,0,0,0,0,0,1.886396,28.636755,7.363494,37.886645,740,408,0.387821143,3.972629,4.360450143,0.010229857,0.029842429,0.040072286,0.005012143,0.004126857,0.009139,0.006462,0.213811857,0.220273857,0,0,0,0,0,0,0.269485143,4.090965,1.051927714,5.412377857
"leap_hand","CasADi",16,6,1,0,14,73.548919,2.79407209,0,"",7.329011,51.997018,59.326029,0.185721,0.390818,0.576539,0.094242,0.055105,0.149347,0.128372,2.805717,2.934089,0,0,0,0,0,0,3.659975,55.666054,14.22289,73.548919,2002,765,0.523500786,3.714072714,4.2375735,0.013265786,0.027915571,0.041181357,0.006731571,0.003936071,0.010667643,0.009169429,0.200408357,0.209577786,0,0,0,0,0,0,0.261426786,3.976146714,1.015920714,5.253494214
"leap_hand","CasADi",16,7,1,0,9,48.367304,4.703545905,0.000065576,"",4.291469,34.685025,38.976494,0.111274,0.260975,0.372249,0.053431,0.034422,0.087853,0.0695,1.866697,1.936197,0,0,0,0,0,0,2.396299,36.580195,9.39081,48.367304,1178,510,0.476829889,3.853891667,4.330721556,0.012363778,0.028997222,0.041361,0.005936778,0.003824667,0.009761444,0.007722222,0.207410778,0.215133,0,0,0,0,0,0,0.266255444,4.064466111,1.043423333,5.374144889
"leap_hand","CasADi",16,8,1,0,4,23.201261,2.756482411,0.000075885,"",1.326836,17.351599,18.678435,0.034086,0.130664,0.16475,0.017234,0.017904,0.035138,0.025484,0.935404,0.960888,0,0,0,0,0,0,1.160776,17.517659,4.522826,23.201261,357,255,0.331709,4.33789975,4.66960875,0.0085215,0.032666,0.0411875,0.0043085,0.004476,0.0087845,0.006371,0.233851,0.240222,0,0,0,0,0,0,0.290194,4.37941475,1.1307065,5.80031525
"leap_hand","CasADi",16,9,1,0,9,48.246534,4.788900291,0.000000699,"",4.10467,34.777853,38.882523,0.106672,0.262609,0.369281,0.052022,0.033147,0.085169,0.073052,1.868455,1.941507,0,0,0,0,0,0,2.395957,36.486566,9.364011,48.246534,1119,510,0.456074444,3.864205889,4.320280333,0.011852444,0.029178778,0.041031222,0.005780222,0.003683,0.009463222,0.008116889,0.207606111,0.215723,0,0,0,0,0,0,0.266217444,4.054062889,1.040445667,5.360726
"leap_hand","CasADi",16,10,1,0,11,58.601062,8.372780182,0.000000239,"",5.577443,41.644923,47.222366,0.144055,0.311621,0.455676,0.070629,0.043217,0.113846,0.097753,2.251423,2.349176,0,0,0,0,0,0,2.918698,44.303668,11.378696,58.601062,1523,612,0.507040273,3.785902091,4.292942364,0.013095909,0.028329182,0.041425091,0.006420818,0.003928818,0.010349636,0.008886636,0.204674818,0.213561455,0,0,0,0,0,0,0.265336182,4.027606182,1.034426909,5.327369273
"leap_hand","CasADi",16,11,1,0,10,53.02805,4.177924496,0.000002228,"",4.630793,38.154462,42.785255,0.117868,0.281686,0.399554,0.055314,0.037051,0.092365,0.075396,2.057354,2.13275,0,0,0,0,0,0,2.624669,40.160586,10.242795,53.02805,1271,561,0.4630793,3.8154462,4.2785255,0.0117868,0.0281686,0.0399554,0.0055314,0.0037051,0.0092365,0.0075396,0.2057354,0.213275,0,0,0,0,0,0,0.2624669,4.0160586,1.0242795,5.302805
"leap_hand","CasADi",16,12,1,0,7,37.802868,6.014331771,0.000000018,"",2.497512,27.922172,30.419684,0.066199,0.213183,0.279382,0.033134,0.029699,0.062833,0.04769,1.538731,1.586421,0,0,0,0,0,0,1.928636,28.491048,7.383184,37.802868,663,408,0.356787429,3.988881714,4.345669143,0.009457,0.030454714,0.039911714,0.004733429,0.004242714,0.008976143,0.006812857,0.219818714,0.226631571,0,0,0,0,0,0,0.275519429,4.070149714,1.054740571,5.400409714
"leap_hand","CasADi",16,13,1,0,7,37.57269,3.264584397,0.000000178,"",2.433456,27.82236,30.255816,0.064255,0.206244,0.270499,0.031643,0.026381,0.058024,0.044058,1.510103,1.554161,0,0,0,0,0,0,1.882684,28.373132,7.316874,37.57269,660,408,0.347636571,3.974622857,4.322259429,0.009179286,0.029463429,0.038642714,0.004520429,0.003768714,0.008289143,0.006294,0.215729,0.222023,0,0,0,0,0,0,0.268954857,4.053304571,1.045267714,5.367527143
"leap_hand","CasADi",16,14,1,0,10,52.720738,3.864301019,0.000007811,"",4.296258,38.17688,42.473138,0.109176,0.286765,0.395941,0.053763,0.036497,0.09026,0.073559,2.069815,2.143374,0,0,0,0,0,0,2.629575,39.843563,10.2476,52.720738,1173,561,0.4296258,3.817688,4.2473138,0.0109176,0.0286765,0.0395941,0.0053763,0.0036497,0.009026,0.0073559,0.2069815,0.2143374,0,0,0,0,0,0,0.2629575,3.9843563,1.02476,5.2720738
"leap_hand","CasADi",16,15,1,0,7,37.855116,3.220188791,0.000000003,"",2.680416,27.795812,30.476228,0.068563,0.210107,0.27867,0.034224,0.028537,0.062761,0.049944,1.504643,1.554587,0,0,0,0,0,0,1.896018,28.58021,7.378888,37.855116,726,408,0.382916571,3.970830286,4.353746857,0.009794714,0.030015286,0.03981,0.004889143,0.004076714,0.008965857,0.007134857,0.214949,0.222083857,0,0,0,0,0,0,0.270859714,4.082887143,1.054126857,5.407873714
"leap_hand","CasADi",16,16,1,0,9,47.200743,4.525780334,0,"",3.365627,34.656412,38.022039,0.086684,0.258912,0.345596,0.042574,0.036444,0.079018,0.061227,1.864962,1.926189,0,0,0,0,0,0,2.350803,35.671236,9.178704,47.200743,918,510,0.373958556,3.850712444,4.224671,0.009631556,0.028768,0.038399556,0.004730444,0.004049333,0.008779778,0.006803,0.207218,0.214021,0,0,0,0,0,0,0.261200333,3.963470667,1.019856,5.244527
"leap_hand","CasADi",16,17,1,0,8,42.76861,3.916902102,0.000000438,"",3.172418,31.26351,34.435928,0.079791,0.233984,0.313775,0.040933,0.032514,0.073447,0.057025,1.687393,1.744418,0,0,0,0,0,0,2.13164,32.304288,8.332682,42.76861,862,459,0.39655225,3.90793875,4.304491,0.009973875,0.029248,0.039221875,0.005116625,0.00406425,0.009180875,0.007128125,0.210924125,0.21805225,0,0,0,0,0,0,0.266455,4.038036,1.04158525,5.34607625
"leap_hand","CasADi",16,18,1,0,7,37.823016,3.119008803,0.000062244,"",2.640001,27.822155,30.462156,0.069162,0.210798,0.27996,0.034943,0.029489,0.064432,0.049782,1.506332,1.556114,0,0,0,0,0,0,1.900506,28.56165,7.36086,37.823016,714,408,0.377143,3.974593571,4.351736571,0.009880286,0.030114,0.039994286,0.004991857,0.004212714,0.009204571,0.007111714,0.215190286,0.222302,0,0,0,0,0,0,0.271500857,4.080235714,1.051551429,5.403288
"leap_hand","CasADi",16,19,1,0,9,47.736945,3.624100059,0.000000008,"",3.734595,34.748228,38.482823,0.097642,0.259072,0.356714,0.047047,0.035806,0.082853,0.064981,1.883605,1.948586,0,0,0,0,0,0,2.388153,36.09467,9.254122,47.736945,1015,510,0.414955,3.860914222,4.275869222,0.010849111,0.028785778,0.039634889,0.005227444,0.003978444,0.009205889,0.007220111,0.209289444,0.216509556,0,0,0,0,0,0,0.265350333,4.010518889,1.028235778,5.304105
"leap_hand","CasADi",16,20,1,0,9,48.026602,6.267925244,0.000010328,"",3.930428,34.759756,38.690184,0.102736,0.258819,0.361555,0.052908,0.033178,0.086086,0.069393,1.875331,1.944724,0,0,0,0,0,0,2.392365,36.297819,9.336418,48.026602,1070,510,0.436714222,3.862195111,4.298909333,0.011415111,0.028757667,0.040172778,0.005878667,0.003686444,0.009565111,0.007710333,0.208370111,0.216080444,0,0,0,0,0,0,0.265818333,4.033091,1.037379778,5.336289111
"leap_hand","CasADi",16,21,1,0,12,63.649396,4.102303079,0.000007294,"",6.243945,45.075852,51.319797,0.159572,0.333991,0.493563,0.07512,0.045044,0.120164,0.109052,2.415546,2.524598,0,0,0,0,0,0,3.138325,48.181472,12.329599,63.649396,1712,663,0.52032875,3.756321,4.27664975,0.013297667,0.027832583,0.04113025,0.00626,0.003753667,0.010013667,0.009087667,0.2012955,0.210383167,0,0,0,0,0,0,0.261527083,4.015122667,1.027466583,5.304116333
"leap_hand","CasADi",16,22,1,0,10,52.396649,6.2999002,0.000002996,"",3.986223,38.192257,42.17848,0.105489,0.286465,0.391954,0.049685,0.037675,0.08736,0.070265,2.054672,2.124937,0,0,0,0,0,0,2.604251,39.574229,10.218169,52.396649,1083,561,0.3986223,3.8192257,4.217848,0.0105489,0.0286465,0.0391954,0.0049685,0.0037675,0.008736,0.0070265,0.2054672,0.2124937,0,0,0,0,0,0,0.2604251,3.9574229,1.0218169,5.2396649
"leap_hand","CasADi",16,23,1,0,9,47.259567,6.863923767,0.000000728,"",3.364842,34.727953,38.092795,0.09255,0.259117,0.351667,0.041051,0.032406,0.073457,0.053883,1.866121,1.920004,0,0,0,0,0,0,2.345128,35.747667,9.166772,47.259567,922,510,0.373871333,3.858661444,4.232532778,0.010283333,0.028790778,0.039074111,0.004561222,0.003600667,0.008161889,0.005987,0.207346778,0.213333778,0,0,0,0,0,0,0.260569778,3.971963,1.018530222,5.251063
"unitree_g1","TetraPGA",29,0,1,0,12,106.119008,8.947725597,0.000000002,"",8.3763,38.13228,46.50858,0.104159,0.769656,0.873815,0.074123,0.110757,0.18488,0.1596,13.80474,13.96434,0,0,0,0,0,0,15.023035,31.485545,59.610428,106.119008,1464,663,0.698025,3.17769,3.875715,0.008679917,0.064138,0.072817917,0.006176917,0.00922975,0.015406667,0.0133,1.150395,1.163695,0,0,0,0,0,0,1.251919583,2.623795417,4.967535667,8.843250667
"unitree_g1","TetraPGA",29,1,1,0,10,88.28289,8.311828291,0,"",5.892019,32.285072,38.177091,0.073586,0.642594,0.71618,0.061597,0.100421,0.162018,0.122036,11.685152,11.807188,0,0,0,0,0,0,12.685386,25.491705,50.105799,88.28289,1017,561,0.5892019,3.2285072,3.8177091,0.0073586,0.0642594,0.071618,0.0061597,0.0100421,0.0162018,0.0122036,1.1685152,1.1807188,0,0,0,0,0,0,1.2685386,2.5491705,5.0105799,8.828289
"unitree_g1","TetraPGA",29,2,1,0,11,95.928518,10.134164625,0.000000002,"",6.430991,34.976138,41.407129,0.081762,0.685696,0.767458,0.060877,0.100698,0.161575,0.11938,12.689895,12.809275,0,0,0,0,0,0,13.738308,27.668821,54.521389,95.928518,1124,612,0.584635545,3.179648909,3.764284455,0.007432909,0.062336,0.069768909,0.005534273,0.009154364,0.014688636,0.010852727,1.153626818,1.164479545,0,0,0,0,0,0,1.248937091,2.515347364,4.956489909,8.720774364
"unitree_g1","TetraPGA",29,3,1,0,11,96.784936,9.006912199,0.000000007,"",7.129808,34.842516,41.972324,0.092646,0.673768,0.766414,0.069759,0.105443,0.175202,0.135305,12.644534,12.779839,0,0,0,0,0,0,13.721455,28.250869,54.812612,96.784936,1241,612,0.648164364,3.167501455,3.815665818,0.008422364,0.061251636,0.069674,0.006341727,0.009585727,0.015927455,0.012300455,1.149503091,1.161803545,0,0,0,0,0,0,1.247405,2.568260818,4.982964727,8.798630545
"unitree_g1","TetraPGA",29,4,1,0,9,80.097105,11.13529455,0.000000015,"",5.218105,29.457216,34.675321,0.066097,0.591398,0.657495,0.047647,0.087032,0.134679,0.098618,10.65644,10.755058,0,0,0,0,0,0,11.547232,23.128089,45.421784,80.097105,913,510,0.579789444,3.273024,3.852813444,0.007344111,0.065710889,0.073055,0.005294111,0.009670222,0.014964333,0.010957556,1.184048889,1.195006444,0,0,0,0,0,0,1.283025778,2.569787667,5.046864889,8.899678333
"unitree_g1","TetraPGA",29,5,1,0,11,98.31583,9.413250074,0.000000038,"",8.105379,35.194093,43.299472,0.097998,0.69844,0.796438,0.072021,0.112063,0.184084,0.141018,12.724651,12.865669,0,0,0,0,0,0,13.846191,29.453281,55.016358,98.31583,1424,612,0.736852636,3.199463,3.936315636,0.008908909,0.063494545,0.072403455,0.006547364,0.010187545,0.016734909,0.012819818,1.156786455,1.169606273,0,0,0,0,0,0,1.258744636,2.677571,5.001487091,8.937802727
"unitree_g1","TetraPGA",29,6,1,0,9,79.74091,8.542749708,0,"",5.398646,28.959414,34.35806,0.07068,0.572417,0.643097,0.054085,0.086753,0.140838,0.105544,10.521038,10.626582,0,0,0,0,0,0,11.410517,22.947543,45.38285,79.74091,938,510,0.599849556,3.217712667,3.817562222,0.007853333,0.063601889,0.071455222,0.006009444,0.009639222,0.015648667,0.011727111,1.169004222,1.180731333,0,0,0,0,0,0,1.267835222,2.549727,5.042538889,8.860101111
"unitree_g1","TetraPGA",29,7,1,0,11,98.153985,9.577726139,0.000000002,"",7.359618,35.56279,42.922408,0.091633,0.746374,0.838007,0.071477,0.107392,0.178869,0.141529,12.8608,13.002329,0,0,0,0,0,0,14.019205,28.903203,55.231577,98.153985,1282,612,0.669056182,3.232980909,3.902037091,0.008330273,0.067852182,0.076182455,0.006497909,0.009762909,0.016260818,0.012866273,1.169163636,1.182029909,0,0,0,0,0,0,1.274473182,2.627563909,5.021052455,8.923089545
"unitree_g1","TetraPGA",29,8,1,0,10,89.696822,9.961343616,0.000057402,"",7.22863,32.20369,39.43232,0.087591,0.632837,0.720428,0.063165,0.094759,0.157924,0.130602,11.676962,11.807564,0,0,0,0,0,0,12.685916,26.746404,50.264502,89.696822,1271,561,0.722863,3.220369,3.943232,0.0087591,0.0632837,0.0720428,0.0063165,0.0094759,0.0157924,0.0130602,1.1676962,1.1807564,0,0,0,0,0,0,1.2685916,2.6746404,5.0264502,8.9696822
"unitree_g1","TetraPGA",29,9,1,0,9,79.674295,8.768109682,0.000000027,"",4.951775,29.190986,34.142761,0.061343,0.575851,0.637194,0.048373,0.085922,0.134295,0.101446,10.594522,10.695968,0,0,0,0,0,0,11.467457,22.675304,45.531534,79.674295,859,510,0.550197222,3.243442889,3.793640111,0.006815889,0.063983444,0.070799333,0.005374778,0.009546889,0.014921667,0.011271778,1.177169111,1.188440889,0,0,0,0,0,0,1.274161889,2.519478222,5.059059333,8.852699444
"unitree_g1","TetraPGA",29,10,1,0,9,81.244242,8.627675458,0.000000368,"",6.297255,29.261633,35.558888,0.083507,0.566908,0.650415,0.05595,0.090278,0.146228,0.118479,10.611412,10.729891,0,0,0,0,0,0,11.526534,24.032354,45.685354,81.244242,1098,510,0.699695,3.251292556,3.950987556,0.009278556,0.062989778,0.072268333,0.006216667,0.010030889,0.016247556,0.013164333,1.179045778,1.192210111,0,0,0,0,0,0,1.280726,2.670261556,5.076150444,9.027138
"unitree_g1","TetraPGA",29,11,1,0,9,81.284714,10.470375888,0,"",5.253473,30.070606,35.324079,0.067458,0.643016,0.710474,0.052328,0.102463,0.154791,0.107981,10.820414,10.928395,0,0,0,0,0,0,11.79366,23.530419,45.960635,81.284714,911,510,0.583719222,3.341178444,3.924897667,0.007495333,0.071446222,0.078941556,0.005814222,0.011384778,0.017199,0.011997889,1.202268222,1.214266111,0,0,0,0,0,0,1.310406667,2.614491,5.106737222,9.031634889
"unitree_g1","TetraPGA",29,12,1,0,8,73.092399,9.292470169,0.000000151,"",5.212365,26.52043,31.732795,0.066652,0.52293,0.589582,0.048748,0.082315,0.131063,0.105236,9.585743,9.690979,0,0,0,0,0,0,10.411624,21.321171,41.359604,73.092399,909,459,0.651545625,3.31505375,3.966599375,0.0083315,0.06536625,0.07369775,0.0060935,0.010289375,0.016382875,0.0131545,1.198217875,1.211372375,0,0,0,0,0,0,1.301453,2.665146375,5.1699505,9.136549875
"unitree_g1","TetraPGA",29,13,1,0,12,107.512499,8.015958171,0.000033614,"",9.653452,38.017684,47.671136,0.114786,0.759761,0.874547,0.089092,0.120106,0.209198,0.164015,13.778794,13.942809,0,0,0,0,0,0,15.026554,32.644582,59.841363,107.512499,1704,663,0.804454333,3.168140333,3.972594667,0.0095655,0.063313417,0.072878917,0.007424333,0.010008833,0.017433167,0.013667917,1.148232833,1.16190075,0,0,0,0,0,0,1.252212833,2.720381833,4.98678025,8.959374917
"unitree_g1","TetraPGA",29,14,1,0,10,89.139121,7.615056616,0,"",6.69509,32.185278,38.880368,0.084969,0.644789,0.729758,0.063907,0.096165,0.160072,0.126012,11.650733,11.776745,0,0,0,0,0,0,12.666575,26.213793,50.258753,89.139121,1166,561,0.669509,3.2185278,3.8880368,0.0084969,0.0644789,0.0729758,0.0063907,0.0096165,0.0160072,0.0126012,1.1650733,1.1776745,0,0,0,0,0,0,1.2666575,2.6213793,5.0258753,8.9139121
"unitree_g1","TetraPGA",29,15,1,0,9,81.005483,4.978880856,0.000000582,"",6.063709,29.240846,35.304555,0.078373,0.579128,0.657501,0.05323,0.086948,0.140178,0.11437,10.595878,10.710248,0,0,0,0,0,0,11.507927,23.796628,45.700928,81.005483,1060,510,0.673745444,3.248982889,3.922728333,0.008708111,0.064347556,0.073055667,0.005914444,0.009660889,0.015575333,0.012707778,1.177319778,1.190027556,0,0,0,0,0,0,1.278658556,2.644069778,5.077880889,9.000609222
"unitree_g1","TetraPGA",29,16,1,0,15,132.095621,7.99504297,0,"",11.859862,46.785531,58.645393,0.142327,0.941234,1.083561,0.101992,0.136686,0.238678,0.202473,16.915722,17.118195,0,0,0,0,0,0,18.440434,40.204959,73.450228,132.095621,2096,816,0.790657467,3.1190354,3.909692867,0.009488467,0.062748933,0.0722374,0.006799467,0.0091124,0.015911867,0.0134982,1.1277148,1.141213,0,0,0,0,0,0,1.229362267,2.6803306,4.896681867,8.806374733
"unitree_g1","TetraPGA",29,17,1,0,8,72.597605,11.929740232,0,"",4.49701,26.784771,31.281781,0.06333,0.555892,0.619222,0.043284,0.084167,0.127451,0.09452,9.648732,9.743252,0,0,0,0,0,0,10.489925,20.791856,41.315824,72.597605,777,459,0.56212625,3.348096375,3.910222625,0.00791625,0.0694865,0.07740275,0.0054105,0.010520875,0.015931375,0.011815,1.2060915,1.2179065,0,0,0,0,0,0,1.311240625,2.598982,5.164478,9.074700625
"unitree_g1","TetraPGA",29,18,1,0,9,81.449068,9.544370012,0.000000001,"",6.05535,29.441748,35.497098,0.076653,0.584536,0.661189,0.058992,0.087221,0.146213,0.123156,10.680835,10.803991,0,0,0,0,0,0,11.611393,23.885705,45.95197,81.449068,1053,510,0.672816667,3.271305333,3.944122,0.008517,0.064948444,0.073465444,0.006554667,0.009691222,0.016245889,0.013684,1.186759444,1.200443444,0,0,0,0,0,0,1.290154778,2.653967222,5.105774444,9.049896444
"unitree_g1","TetraPGA",29,19,1,0,8,72.499194,6.40334266,0.000000615,"",5.253594,26.135275,31.388869,0.071642,0.503002,0.574644,0.055003,0.077124,0.132127,0.10632,9.489895,9.596215,0,0,0,0,0,0,10.302986,21.085883,41.110325,72.499194,911,459,0.65669925,3.266909375,3.923608625,0.00895525,0.06287525,0.0718305,0.006875375,0.0096405,0.016515875,0.01329,1.186236875,1.199526875,0,0,0,0,0,0,1.28787325,2.635735375,5.138790625,9.06239925
"unitree_g1","TetraPGA",29,20,1,0,9,81.391053,7.350514524,0,"",6.21679,29.488699,35.705489,0.080901,0.595799,0.6767,0.057042,0.096018,0.15306,0.113781,10.683511,10.797292,0,0,0,0,0,0,11.627052,24.078437,45.685564,81.391053,1083,510,0.690754444,3.276522111,3.967276556,0.008989,0.066199889,0.075188889,0.006338,0.010668667,0.017006667,0.012642333,1.187056778,1.199699111,0,0,0,0,0,0,1.291894667,2.675381889,5.076173778,9.043450333
"unitree_g1","TetraPGA",29,21,1,0,12,107.785325,8.654296364,0,"",9.013457,38.684059,47.697516,0.105328,0.792291,0.897619,0.081649,0.116225,0.197874,0.152942,13.926417,14.079359,0,0,0,0,0,0,15.174852,32.522664,60.087809,107.785325,1588,663,0.751121417,3.223671583,3.974793,0.008777333,0.06602425,0.074801583,0.006804083,0.009685417,0.0164895,0.012745167,1.16053475,1.173279917,0,0,0,0,0,0,1.264571,2.710222,5.007317417,8.982110417
"unitree_g1","TetraPGA",29,22,1,0,7,64.716441,7.342951615,0.000000477,"",4.098236,23.798589,27.896825,0.054012,0.497999,0.552011,0.04074,0.08143,0.12217,0.092406,8.582203,8.674609,0,0,0,0,0,0,9.34879,18.548035,36.819616,64.716441,709,408,0.585462286,3.399798429,3.985260714,0.007716,0.071142714,0.078858714,0.00582,0.011632857,0.017452857,0.013200857,1.226029,1.239229857,0,0,0,0,0,0,1.335541429,2.649719286,5.259945143,9.245205857
"unitree_g1","TetraPGA",29,23,1,0,9,80.77335,10.52823996,0.000000003,"",5.844537,29.215595,35.060132,0.073985,0.568868,0.642853,0.05356,0.084892,0.138452,0.110155,10.602744,10.712899,0,0,0,0,0,0,11.494204,23.565928,45.713218,80.77335,1021,510,0.649393,3.246177222,3.895570222,0.008220556,0.063207556,0.071428111,0.005951111,0.009432444,0.015383556,0.012239444,1.178082667,1.190322111,0,0,0,0,0,0,1.277133778,2.618436444,5.079246444,8.974816667
"unitree_g1","Pinocchio",29,0,1,0,12,110.467863,8.947725597,0.000000002,"",10.257016,39.131022,49.388038,0.239576,0.785511,1.025087,0.096108,0.138288,0.234396,0.107046,13.918593,14.025639,0,0,0,0,0,0,15.285122,34.102916,61.079825,110.467863,1465,663,0.854751333,3.2609185,4.115669833,0.019964667,0.06545925,0.085423917,0.008009,0.011524,0.019533,0.0089205,1.15988275,1.16880325,0,0,0,0,0,0,1.273760167,2.841909667,5.089985417,9.20565525
"unitree_g1","Pinocchio",29,1,1,0,10,89.890169,8.311828291,0,"",7.075959,32.209341,39.2853,0.162624,0.628754,0.791378,0.066457,0.103049,0.169506,0.069796,11.58382,11.653616,0,0,0,0,0,0,12.6145,26.6708,50.604869,89.890169,1017,561,0.7075959,3.2209341,3.92853,0.0162624,0.0628754,0.0791378,0.0066457,0.0103049,0.0169506,0.0069796,1.158382,1.1653616,0,0,0,0,0,0,1.26145,2.66708,5.0604869,8.9890169
"unitree_g1","Pinocchio",29,2,1,0,11,99.747245,10.134164625,0.000000002,"",7.972713,35.768555,43.741268,0.190066,0.7172,0.907266,0.078808,0.121121,0.199929,0.080868,12.751897,12.832765,0,0,0,0,0,0,13.93996,29.801308,56.005977,99.747245,1124,612,0.724792091,3.251686818,3.976478909,0.017278727,0.0652,0.082478727,0.007164364,0.011011,0.018175364,0.007351636,1.159263364,1.166615,0,0,0,0,0,0,1.267269091,2.709209818,5.091452455,9.067931364
"unitree_g1","Pinocchio",29,3,1,0,11,99.669965,9.006912199,0.000000007,"",8.667201,35.285647,43.952848,0.191109,0.696916,0.888025,0.08069,0.118522,0.199212,0.088243,12.642256,12.730499,0,0,0,0,0,0,13.817736,30.135112,55.717117,99.669965,1241,612,0.787927364,3.207786091,3.995713455,0.017373545,0.063356,0.080729545,0.007335455,0.010774727,0.018110182,0.008022091,1.149296,1.157318091,0,0,0,0,0,0,1.256157818,2.739555636,5.065192455,9.060905909
"unitree_g1","Pinocchio",29,4,1,0,9,81.547521,11.13529455,0.000000015,"",6.344196,29.311824,35.65602,0.141105,0.580332,0.721437,0.0549,0.093479,0.148379,0.067551,10.51899,10.586541,0,0,0,0,0,0,11.456357,24.199663,45.891501,81.547521,914,510,0.704910667,3.256869333,3.96178,0.015678333,0.064481333,0.080159667,0.0061,0.010386556,0.016486556,0.007505667,1.168776667,1.176282333,0,0,0,0,0,0,1.272928556,2.688851444,5.099055667,9.060835667
"unitree_g1","Pinocchio",29,5,1,0,11,101.555781,9.413250074,0.000000038,"",9.821298,35.623503,45.444801,0.221957,0.712342,0.934299,0.081366,0.122238,0.203604,0.10082,12.75341,12.85423,0,0,0,0,0,0,13.992133,31.452668,56.11098,101.555781,1424,612,0.892845273,3.238500273,4.131345545,0.020177909,0.064758364,0.084936273,0.007396909,0.011112545,0.018509455,0.009165455,1.159400909,1.168566364,0,0,0,0,0,0,1.272012091,2.859333455,5.100998182,9.232343727
"unitree_g1","Pinocchio",29,6,1,0,9,82.449549,8.542749708,0,"",6.594936,29.502857,36.097793,0.154495,0.587998,0.742493,0.06195,0.094235,0.156185,0.071001,10.563841,10.634842,0,0,0,0,0,0,11.53352,24.564273,46.351756,82.449549,938,510,0.732770667,3.278095222,4.010865889,0.017166111,0.065333111,0.082499222,0.006883333,0.010470556,0.017353889,0.007889,1.173760111,1.181649111,0,0,0,0,0,0,1.281502222,2.729363667,5.150195111,9.161061
"unitree_g1","Pinocchio",29,7,1,0,11,100.053085,9.577726139,0.000000002,"",8.936946,35.400982,44.337928,0.201947,0.70425,0.906197,0.073251,0.119114,0.192365,0.100931,12.705027,12.805958,0,0,0,0,0,0,13.90452,30.433408,55.715157,100.053085,1283,612,0.812449636,3.218271091,4.030720727,0.018358818,0.064022727,0.082381545,0.006659182,0.010828545,0.017487727,0.009175545,1.155002455,1.164178,0,0,0,0,0,0,1.264047273,2.766673455,5.065014273,9.095735
"unitree_g1","Pinocchio",29,8,1,0,10,92.243209,9.961343616,0.000057402,"",8.734863,32.420768,41.155631,0.198566,0.652573,0.851139,0.068983,0.102818,0.171801,0.084841,11.629811,11.714652,0,0,0,0,0,0,12.737592,28.418039,51.087578,92.243209,1271,561,0.8734863,3.2420768,4.1155631,0.0198566,0.0652573,0.0851139,0.0068983,0.0102818,0.0171801,0.0084841,1.1629811,1.1714652,0,0,0,0,0,0,1.2737592,2.8418039,5.1087578,9.2243209
"unitree_g1","Pinocchio",29,9,1,0,9,81.529177,8.768109682,0.000000027,"",6.030057,29.371462,35.401519,0.1394,0.586753,0.726153,0.057979,0.095728,0.153707,0.058037,10.551255,10.609292,0,0,0,0,0,0,11.489152,23.912367,46.127658,81.529177,859,510,0.670006333,3.263495778,3.933502111,0.015488889,0.065194778,0.080683667,0.006442111,0.010636444,0.017078556,0.006448556,1.172361667,1.178810222,0,0,0,0,0,0,1.276572444,2.656929667,5.125295333,9.058797444
"unitree_g1","Pinocchio",29,10,1,0,9,83.693209,8.627675458,0.000000368,"",7.655186,29.546438,37.201624,0.177678,0.584493,0.762171,0.071943,0.095354,0.167297,0.074958,10.594097,10.669055,0,0,0,0,0,0,11.598523,25.603101,46.491585,83.693209,1098,510,0.850576222,3.282937556,4.133513778,0.019742,0.064943667,0.084685667,0.007993667,0.010594889,0.018588556,0.008328667,1.177121889,1.185450556,0,0,0,0,0,0,1.288724778,2.844789,5.165731667,9.299245444
"unitree_g1","Pinocchio",29,11,1,0,9,82.453705,10.470375888,0,"",6.36824,29.726787,36.095027,0.149289,0.587581,0.73687,0.058007,0.100425,0.158432,0.06825,10.607723,10.675973,0,0,0,0,0,0,11.571275,24.523752,46.358678,82.453705,911,510,0.707582222,3.302976333,4.010558556,0.016587667,0.065286778,0.081874444,0.006445222,0.011158333,0.017603556,0.007583333,1.178635889,1.186219222,0,0,0,0,0,0,1.285697222,2.724861333,5.150964222,9.161522778
"unitree_g1","Pinocchio",29,12,1,0,8,74.695352,9.292470169,0.000000151,"",6.378577,26.4376,32.816177,0.150838,0.527582,0.67842,0.056087,0.087815,0.143902,0.06224,9.488791,9.551031,0,0,0,0,0,0,10.373353,22.442824,41.879175,74.695352,909,459,0.797322125,3.3047,4.102022125,0.01885475,0.06594775,0.0848025,0.007010875,0.010976875,0.01798775,0.00778,1.186098875,1.193878875,0,0,0,0,0,0,1.296669125,2.805353,5.234896875,9.336919
"unitree_g1","Pinocchio",29,13,1,0,12,111.023595,8.015958171,0.000033614,"",11.732091,38.308582,50.040673,0.260708,0.7584,1.019108,0.100019,0.121743,0.221762,0.113389,13.739673,13.853062,0,0,0,0,0,0,15.093932,34.946741,60.982922,111.023595,1704,663,0.97767425,3.192381833,4.170056083,0.021725667,0.0632,0.084925667,0.008334917,0.01014525,0.018480167,0.009449083,1.14497275,1.154421833,0,0,0,0,0,0,1.257827667,2.912228417,5.081910167,9.25196625
"unitree_g1","Pinocchio",29,14,1,0,10,91.249723,7.615056616,0,"",8.112631,32.192269,40.3049,0.186173,0.641434,0.827607,0.073806,0.099738,0.173544,0.075653,11.508768,11.584421,0,0,0,0,0,0,12.585572,27.719328,50.944823,91.249723,1166,561,0.8112631,3.2192269,4.03049,0.0186173,0.0641434,0.0827607,0.0073806,0.0099738,0.0173544,0.0075653,1.1508768,1.1584421,0,0,0,0,0,0,1.2585572,2.7719328,5.0944823,9.1249723
"unitree_g1","Pinocchio",29,15,1,0,9,83.30064,4.978880856,0.000000582,"",7.327972,29.565688,36.89366,0.165449,0.585933,0.751382,0.062047,0.09889,0.160937,0.070254,10.577213,10.647467,0,0,0,0,0,0,11.559786,25.333874,46.40698,83.30064,1060,510,0.814219111,3.285076444,4.099295556,0.018383222,0.065103667,0.083486889,0.006894111,0.010987778,0.017881889,0.007806,1.175245889,1.183051889,0,0,0,0,0,0,1.284420667,2.814874889,5.156331111,9.255626667
"unitree_g1","Pinocchio",29,16,1,0,15,136.645058,7.99504297,0,"",14.350604,47.189854,61.540458,0.312629,0.943104,1.255733,0.112511,0.152324,0.264835,0.137911,16.917689,17.0556,0,0,0,0,0,0,18.576168,42.96429,75.1046,136.645058,2096,816,0.956706933,3.145990267,4.1026972,0.020841933,0.0628736,0.083715533,0.007500733,0.010154933,0.017655667,0.009194067,1.127845933,1.13704,0,0,0,0,0,0,1.2384112,2.864286,5.006973333,9.109670533
"unitree_g1","Pinocchio",29,17,1,0,8,74.03906,11.929740232,0,"",5.479378,26.843403,32.322781,0.129395,0.528933,0.658328,0.049658,0.088502,0.13816,0.056757,9.58769,9.644447,0,0,0,0,0,0,10.440935,21.881846,41.716279,74.03906,776,459,0.68492225,3.355425375,4.040347625,0.016174375,0.066116625,0.082291,0.00620725,0.01106275,0.01727,0.007094625,1.19846125,1.205555875,0,0,0,0,0,0,1.305116875,2.73523075,5.214534875,9.2548825
"unitree_g1","Pinocchio",29,18,1,0,9,83.28072,9.544370012,0.000000001,"",7.315073,29.418608,36.733681,0.169509,0.578759,0.748268,0.063984,0.095522,0.159506,0.071568,10.574535,10.646103,0,0,0,0,0,0,11.553877,25.179804,46.547039,83.28072,1053,510,0.812785889,3.268734222,4.081520111,0.018834333,0.064306556,0.083140889,0.007109333,0.010613556,0.017722889,0.007952,1.174948333,1.182900333,0,0,0,0,0,0,1.283764111,2.797756,5.171893222,9.253413333
"unitree_g1","Pinocchio",29,19,1,0,8,74.657545,6.40334266,0.000000615,"",6.358373,26.517558,32.875931,0.150566,0.526372,0.676938,0.058687,0.08537,0.144057,0.064716,9.511487,9.576203,0,0,0,0,0,0,10.397198,22.478733,41.781614,74.657545,911,459,0.794796625,3.31469475,4.109491375,0.01882075,0.0657965,0.08461725,0.007335875,0.01067125,0.018007125,0.0080895,1.188935875,1.197025375,0,0,0,0,0,0,1.29964975,2.809841625,5.22270175,9.332193125
"unitree_g1","Pinocchio",29,20,1,0,9,83.419855,7.350514524,0,"",7.477153,29.636293,37.113446,0.169085,0.582993,0.752078,0.070943,0.100636,0.171579,0.068608,10.593798,10.662406,0,0,0,0,0,0,11.586063,25.527383,46.306409,83.419855,1082,510,0.830794778,3.292921444,4.123716222,0.018787222,0.064777,0.083564222,0.007882556,0.011181778,0.019064333,0.007623111,1.177088667,1.184711778,0,0,0,0,0,0,1.287340333,2.836375889,5.145156556,9.268872778
"unitree_g1","Pinocchio",29,21,1,0,12,109.96642,8.654296364,0,"",10.910947,38.338979,49.249926,0.24504,0.756089,1.001129,0.08534,0.122453,0.207793,0.105232,13.771113,13.876345,0,0,0,0,0,0,15.085267,34.164659,60.716494,109.96642,1588,663,0.909245583,3.194914917,4.1041605,0.02042,0.063007417,0.083427417,0.007111667,0.010204417,0.017316083,0.008769333,1.14759275,1.156362083,0,0,0,0,0,0,1.257105583,2.847054917,5.059707833,9.163868333
"unitree_g1","Pinocchio",29,22,1,0,7,65.540772,7.342951615,0.000000477,"",4.989185,23.538588,28.527773,0.117167,0.467485,0.584652,0.049595,0.077741,0.127336,0.04919,8.408055,8.457245,0,0,0,0,0,0,9.169233,19.35854,37.012999,65.540772,709,408,0.712740714,3.362655429,4.075396143,0.016738143,0.066783571,0.083521714,0.007085,0.011105857,0.018190857,0.007027143,1.201150714,1.208177857,0,0,0,0,0,0,1.309890429,2.765505714,5.287571286,9.362967429
"unitree_g1","Pinocchio",29,23,1,0,9,82.795173,10.52823996,0.000000003,"",7.13857,29.420825,36.559395,0.164511,0.582215,0.746726,0.06722,0.091334,0.158554,0.071698,10.593428,10.665126,0,0,0,0,0,0,11.570406,24.988989,46.235778,82.795173,1022,510,0.793174444,3.268980556,4.062155,0.018279,0.064690556,0.082969556,0.007468889,0.010148222,0.017617111,0.007966444,1.177047556,1.185014,0,0,0,0,0,0,1.285600667,2.776554333,5.137308667,9.199463667
"unitree_g1","CasADi",29,0,1,0,12,176.377564,8.947725597,0.000000002,"",9.769534,106.423436,116.19297,0.232809,0.772293,1.005102,0.095529,0.136178,0.231707,0.115926,13.380232,13.496158,0,0,0,0,0,0,14.732967,101.460003,60.184594,176.377564,1464,663,0.814127833,8.868619667,9.6827475,0.01940075,0.06435775,0.0837585,0.00796075,0.011348167,0.019308917,0.0096605,1.115019333,1.124679833,0,0,0,0,0,0,1.22774725,8.45500025,5.015382833,14.698130333
"unitree_g1","CasADi",29,1,1,0,10,148.268482,8.311828291,0,"",6.943193,90.441947,97.38514,0.172245,0.660944,0.833189,0.072313,0.133592,0.205905,0.082208,11.477049,11.559257,0,0,0,0,0,0,12.598351,84.786789,50.883342,148.268482,1017,561,0.6943193,9.0441947,9.738514,0.0172245,0.0660944,0.0833189,0.0072313,0.0133592,0.0205905,0.0082208,1.1477049,1.1559257,0,0,0,0,0,0,1.2598351,8.4786789,5.0883342,14.8268482
"unitree_g1","CasADi",29,2,1,0,11,162.167856,10.134164625,0.000000002,"",7.668175,98.758816,106.426991,0.185226,0.73331,0.918536,0.076646,0.136122,0.212768,0.099275,12.5635,12.662775,0,0,0,0,0,0,13.794079,92.632912,55.740865,162.167856,1124,612,0.697106818,8.978074182,9.675181,0.016838727,0.066664545,0.083503273,0.006967818,0.012374727,0.019342545,0.009025,1.142136364,1.151161364,0,0,0,0,0,0,1.254007182,8.421173818,5.067351364,14.742532364
"unitree_g1","CasADi",29,3,1,0,11,162.394919,9.006912199,0.000000007,"",8.336772,98.498135,106.834907,0.19641,0.71727,0.91368,0.076654,0.126419,0.203073,0.104374,12.453008,12.557382,0,0,0,0,0,0,13.674135,93.160772,55.560012,162.394919,1241,612,0.757888364,8.954375909,9.712264273,0.017855455,0.065206364,0.083061818,0.006968545,0.011492636,0.018461182,0.009488545,1.132091636,1.141580182,0,0,0,0,0,0,1.243103182,8.469161091,5.050910182,14.763174455
"unitree_g1","CasADi",29,4,1,0,9,134.946814,11.13529455,0.000000015,"",6.214183,82.363459,88.577642,0.150638,0.60514,0.755778,0.062066,0.116634,0.1787,0.076698,10.465164,10.541862,0,0,0,0,0,0,11.47634,77.101302,46.369172,134.946814,913,510,0.690464778,9.151495444,9.841960222,0.016737556,0.067237778,0.083975333,0.006896222,0.012959333,0.019855556,0.008522,1.162796,1.171318,0,0,0,0,0,0,1.275148889,8.566811333,5.152130222,14.994090444
"unitree_g1","CasADi",29,5,1,0,11,163.347835,9.413250074,0.000000038,"",9.480098,98.161304,107.641402,0.223785,0.716782,0.940567,0.085304,0.124105,0.209409,0.122517,12.363702,12.486219,0,0,0,0,0,0,13.636195,94.005207,55.706433,163.347835,1424,612,0.861827091,8.923754909,9.785582,0.020344091,0.065162,0.085506091,0.007754909,0.011282273,0.019037182,0.011137909,1.123972909,1.135110818,0,0,0,0,0,0,1.239654091,8.545927909,5.064221182,14.849803182
"unitree_g1","CasADi",29,6,1,0,9,134.944692,8.542749708,0,"",6.402169,82.396805,88.798974,0.156997,0.605486,0.762483,0.069924,0.111035,0.180959,0.078316,10.465718,10.544034,0,0,0,0,0,0,11.487476,77.311498,46.145718,134.944692,938,510,0.711352111,9.155200556,9.866552667,0.017444111,0.067276222,0.084720333,0.007769333,0.012337222,0.020106556,0.008701778,1.162857556,1.171559333,0,0,0,0,0,0,1.276386222,8.590166444,5.127302,14.993854667
"unitree_g1","CasADi",29,7,1,0,11,163.671565,9.577726139,0.000000002,"",8.72761,98.906531,107.634141,0.216804,0.737208,0.954012,0.087565,0.144921,0.232486,0.109307,12.601018,12.710325,0,0,0,0,0,0,13.896823,93.737318,56.037424,163.671565,1283,612,0.793419091,8.991502818,9.784921909,0.019709455,0.067018909,0.086728364,0.007960455,0.013174636,0.021135091,0.009937,1.145547091,1.155484091,0,0,0,0,0,0,1.263347545,8.521574364,5.094311273,14.879233182
"unitree_g1","CasADi",29,8,1,0,10,149.991475,9.961343616,0.000057402,"",8.466831,90.398876,98.865707,0.203443,0.660487,0.86393,0.082089,0.113194,0.195283,0.099231,11.389029,11.48826,0,0,0,0,0,0,12.547473,86.318234,51.125768,149.991475,1272,561,0.8466831,9.0398876,9.8865707,0.0203443,0.0660487,0.086393,0.0082089,0.0113194,0.0195283,0.0099231,1.1389029,1.148826,0,0,0,0,0,0,1.2547473,8.6318234,5.1125768,14.9991475
"unitree_g1","CasADi",29,9,1,0,9,133.728632,8.768109682,0.000000027,"",5.882903,81.920427,87.80333,0.150109,0.610262,0.760371,0.064109,0.104055,0.168164,0.073864,10.351118,10.424982,0,0,0,0,0,0,11.353517,76.449813,45.925302,133.728632,859,510,0.653655889,9.102269667,9.755925556,0.016678778,0.067806889,0.084485667,0.007123222,0.011561667,0.018684889,0.008207111,1.150124222,1.158331333,0,0,0,0,0,0,1.261501889,8.494423667,5.102811333,14.858736889
"unitree_g1","CasADi",29,10,1,0,9,136.367319,8.627675458,0.000000368,"",7.435535,82.293854,89.729389,0.18251,0.608927,0.791437,0.073856,0.103818,0.177674,0.0881,10.457849,10.545949,0,0,0,0,0,0,11.51506,78.214329,46.63793,136.367319,1098,510,0.826170556,9.143761556,9.969932111,0.020278889,0.067658556,0.087937444,0.008206222,0.011535333,0.019741556,0.009788889,1.161983222,1.171772111,0,0,0,0,0,0,1.279451111,8.690481,5.181992222,15.151924333
"unitree_g1","CasADi",29,11,1,0,9,135.674476,10.470375888,0,"",6.324906,82.620467,88.945373,0.159319,0.628478,0.787797,0.070934,0.118734,0.189668,0.090629,10.520819,10.611448,0,0,0,0,0,0,11.588913,77.35646,46.729103,135.674476,911,510,0.702767333,9.180051889,9.882819222,0.017702111,0.069830889,0.087533,0.007881556,0.013192667,0.021074222,0.010069889,1.168979889,1.179049778,0,0,0,0,0,0,1.287657,8.595162222,5.192122556,15.074941778
"unitree_g1","CasADi",29,12,1,0,8,121.916842,9.292470169,0.000000151,"",6.135991,73.94216,80.078151,0.150471,0.609576,0.760047,0.062428,0.097522,0.15995,0.076671,9.368007,9.444678,0,0,0,0,0,0,10.364675,69.713476,41.838691,121.916842,909,459,0.766998875,9.24277,10.009768875,0.018808875,0.076197,0.095005875,0.0078035,0.01219025,0.01999375,0.009583875,1.171000875,1.18058475,0,0,0,0,0,0,1.295584375,8.7141845,5.229836375,15.23960525
"unitree_g1","CasADi",29,13,1,0,12,179.151699,8.015958171,0.000033614,"",11.323655,106.906959,118.230614,0.265706,0.790888,1.056594,0.109221,0.14153,0.250751,0.137494,13.562918,13.700412,0,0,0,0,0,0,15.007757,103.222857,60.921085,179.151699,1704,663,0.943637917,8.90891325,9.852551167,0.022142167,0.065907333,0.0880495,0.00910175,0.011794167,0.020895917,0.011457833,1.130243167,1.141701,0,0,0,0,0,0,1.250646417,8.60190475,5.076757083,14.92930825
"unitree_g1","CasADi",29,14,1,0,10,149.583346,7.615056616,0,"",7.876662,90.565873,98.442535,0.188791,0.680886,0.869677,0.087088,0.12948,0.216568,0.097083,11.534231,11.631314,0,0,0,0,0,0,12.717559,85.724976,51.140811,149.583346,1166,561,0.7876662,9.0565873,9.8442535,0.0188791,0.0680886,0.0869677,0.0087088,0.012948,0.0216568,0.0097083,1.1534231,1.1631314,0,0,0,0,0,0,1.2717559,8.5724976,5.1140811,14.9583346
"unitree_g1","CasADi",29,15,1,0,9,136.228171,4.978880856,0.000000582,"",7.166308,82.410229,89.576537,0.174466,0.606008,0.780474,0.073371,0.103265,0.176636,0.087219,10.407581,10.4948,0,0,0,0,0,0,11.45191,78.124627,46.651634,136.228171,1060,510,0.796256444,9.156692111,9.952948556,0.019385111,0.067334222,0.086719333,0.008152333,0.011473889,0.019626222,0.009691,1.156397889,1.166088889,0,0,0,0,0,0,1.272434444,8.680514111,5.183514889,15.136463444
"unitree_g1","CasADi",29,16,1,0,15,219.971471,7.99504297,0,"",13.841583,131.34975,145.191333,0.324833,0.943356,1.268189,0.128376,0.176723,0.305099,0.159484,16.594926,16.75441,0,0,0,0,0,0,18.327698,126.863635,74.780138,219.971471,2096,816,0.9227722,8.75665,9.6794222,0.021655533,0.0628904,0.084545933,0.0085584,0.011781533,0.020339933,0.010632267,1.1063284,1.116960667,0,0,0,0,0,0,1.221846533,8.457575667,4.985342533,14.664764733
"unitree_g1","CasADi",29,17,1,0,8,120.811663,11.929740232,0,"",5.285631,74.092653,79.378284,0.127376,0.55722,0.684596,0.055761,0.110533,0.166294,0.06297,9.332756,9.395726,0,0,0,0,0,0,10.246616,69.131668,41.433379,120.811663,776,459,0.660703875,9.261581625,9.9222855,0.015922,0.0696525,0.0855745,0.006970125,0.013816625,0.02078675,0.00787125,1.1665945,1.17446575,0,0,0,0,0,0,1.280827,8.6414585,5.179172375,15.101457875
"unitree_g1","CasADi",29,18,1,0,9,135.604932,9.544370012,0.000000001,"",7.049424,82.13754,89.186964,0.171052,0.60463,0.775682,0.072387,0.113549,0.185936,0.089252,10.397933,10.487185,0,0,0,0,0,0,11.448803,77.738161,46.417968,135.604932,1053,510,0.783269333,9.126393333,9.909662667,0.019005778,0.067181111,0.086186889,0.008043,0.012616556,0.020659556,0.009916889,1.155325889,1.165242778,0,0,0,0,0,0,1.272089222,8.637573444,5.157552,15.067214667
"unitree_g1","CasADi",29,19,1,0,8,121.903584,6.40334266,0.000000615,"",6.152221,74.029629,80.18185,0.149614,0.596902,0.746516,0.061684,0.103791,0.165475,0.077317,9.377821,9.455138,0,0,0,0,0,0,10.367129,69.814721,41.721734,121.903584,911,459,0.769027625,9.253703625,10.02273125,0.01870175,0.07461275,0.0933145,0.0077105,0.012973875,0.020684375,0.009664625,1.172227625,1.18189225,0,0,0,0,0,0,1.295891125,8.726840125,5.21521675,15.237948
"unitree_g1","CasADi",29,20,1,0,9,135.838546,7.350514524,0,"",7.268152,82.179583,89.447735,0.17317,0.602638,0.775808,0.067623,0.110029,0.177652,0.091253,10.386475,10.477728,0,0,0,0,0,0,11.431188,78.016547,46.390811,135.838546,1083,510,0.807572444,9.131064778,9.938637222,0.019241111,0.066959778,0.086200889,0.007513667,0.012225444,0.019739111,0.010139222,1.154052778,1.164192,0,0,0,0,0,0,1.270132,8.668505222,5.154534556,15.093171778
"unitree_g1","CasADi",29,21,1,0,12,178.213959,8.654296364,0,"",10.607005,106.881534,117.488539,0.252576,0.802263,1.054839,0.099625,0.137114,0.236739,0.128086,13.454445,13.582531,0,0,0,0,0,0,14.874109,102.61443,60.72542,178.213959,1588,663,0.883917083,8.9067945,9.790711583,0.021048,0.06685525,0.08790325,0.008302083,0.011426167,0.01972825,0.010673833,1.12120375,1.131877583,0,0,0,0,0,0,1.239509083,8.5512025,5.060451667,14.85116325
"unitree_g1","CasADi",29,22,1,0,7,108.024488,7.342951615,0.000000477,"",4.924456,65.97112,70.895576,0.124183,0.493522,0.617705,0.05338,0.094797,0.148177,0.068894,8.360433,8.429327,0,0,0,0,0,0,9.195209,61.700367,37.128912,108.024488,709,408,0.703493714,9.424445714,10.127939429,0.017740429,0.070503143,0.088243571,0.007625714,0.013542429,0.021168143,0.009842,1.194347571,1.204189571,0,0,0,0,0,0,1.313601286,8.814338143,5.304130286,15.432069714
"unitree_g1","CasADi",29,23,1,0,9,135.277955,10.52823996,0.000000003,"",6.928646,82.136626,89.065272,0.17065,0.613857,0.784507,0.070438,0.108852,0.17929,0.088853,10.384622,10.473475,0,0,0,0,0,0,11.437272,77.628,46.212683,135.277955,1022,510,0.769849556,9.126291778,9.896141333,0.018961111,0.068206333,0.087167444,0.007826444,0.012094667,0.019921111,0.009872556,1.153846889,1.163719444,0,0,0,0,0,0,1.270808,8.625333333,5.134742556,15.030883889
