model,dof,seed,sample_id,d_safe,obstacle_count,success,failed,cost,stop,iter,solve_ms,initial_min_distance,final_min_distance,trajectory_min_distance,safety_violation_count,collision_violation_count,placement_error_norm,path_length,jerk_rms,torque_rate_rms,failure_message
ur10,6,2099586700,0,0.03,4,0,0,86.238589244,0.01320469,40,36.144586,-0.03602888,0.083229794,-0.079116046,48,35,0.163225802,1.936343844,40389.439953482,1458.76313634,""
ur10,6,2099586703,1,0.03,4,0,0,192.248089497,16.014376952,40,35.575795,0.163053185,0.002260868,-0.0077829,22,12,0.371229157,2.329548409,131226.823315899,5983.515175727,""
ur10,6,2099586702,2,0.03,4,0,0,161.724165111,0.932113825,40,36.146946,0.207887386,-0.024364533,-0.024364533,7,4,0.241130822,2.101497193,67432.843442716,3988.015963905,""
ur10,6,2099586955,0,0.03,8,0,0,335.762646782,0.770984618,40,34.695715,-0.036278378,-0.011560273,-0.073509215,71,53,0.391772651,2.320834685,29546.889019707,5827.875699978,""
ur10,6,2099586954,1,0.03,8,0,0,329.491777255,2.635551673,40,38.675389,0.140856094,0.048999533,-0.046207638,38,17,0.450072535,2.235753362,59602.791375519,2964.165442028,""
ur10,6,2099586997,2,0.03,8,0,0,430.112477094,1.375047041,40,35.396694,0.001101179,-0.014577105,-0.0985961,138,88,0.295817159,2.285409633,32868.346703589,1882.439520124,""
ur10,6,2099586700,0,0.05,4,0,0,76.52409832,0.350666175,40,35.405689,-0.03602888,0.106433596,-0.079735979,52,31,0.162973121,1.989498004,75729.402461671,2016.371550784,""
ur10,6,2099586703,1,0.05,4,0,0,163.913480177,1.176741802,40,33.724504,0.163053185,-0.007074523,-0.013463753,49,14,0.302363012,2.25159222,97776.751293113,4624.708617847,""
ur10,6,2099586702,2,0.05,4,0,0,147.20938103,0.000306226,40,32.395947,0.207887386,-0.002200133,-0.002200133,8,1,0.222776006,1.973580886,50127.457649892,2946.469162752,""
ur10,6,2099586955,0,0.05,8,0,0,315.035587977,2.733793392,40,35.90536,-0.036278378,0.0063248,-0.078947337,75,55,0.385229163,2.341050659,49330.283354959,3626.457498122,""
ur10,6,2099586954,1,0.05,8,0,0,301.057955475,0.009216073,40,34.060438,0.140856094,0.046881012,-0.047056913,66,19,0.452863647,2.232526539,36467.118404715,4185.148197747,""
ur10,6,2099586997,2,0.05,8,0,0,399.767260647,0.112016093,40,36.346059,0.001101179,-0.015332035,-0.098794914,154,88,0.295009333,2.264320353,37348.921427406,2127.44183686,""
ur10,6,2099586700,0,0.08,4,0,0,64.061214672,1.844231132,40,36.343971,-0.03602888,0.096236244,-0.080009555,77,32,0.157261215,2.113469453,82594.404443248,1893.278086913,""
ur10,6,2099586703,1,0.08,4,0,0,154.589840451,4.113131683,40,35.232234,0.163053185,-0.012887637,-0.013030331,70,13,0.293274244,2.168110183,113860.967915086,5354.621409752,""
ur10,6,2099586702,2,0.08,4,0,0,127.884008957,0.125582893,40,32.653737,0.207887386,0.010902249,0.010902249,12,0,0.214085367,1.975457234,54064.269080252,2931.433634616,""
ur10,6,2099586955,0,0.08,8,0,0,277.589495018,1.452292982,40,35.087783,-0.036278378,0.007155636,-0.073246491,100,54,0.381238839,2.284340629,32924.074652574,5009.19775635,""
ur10,6,2099586954,1,0.08,8,0,0,264.957096798,0.205496074,40,33.841317,0.140856094,0.032956086,-0.095263171,93,35,0.445620048,2.279024294,90629.595854034,8022.980840357,""
ur10,6,2099586997,2,0.08,8,0,0,358.0606496,0.168795692,40,36.592435,0.001101179,-0.017776656,-0.10055022,170,89,0.294507658,2.231329454,37700.152841695,1927.482902593,""
ur10,6,2099586700,0,0.1,4,0,0,56.961632348,2.833682608,40,35.72883,-0.03602888,0.105165967,-0.080449549,98,31,0.162613854,2.123885656,78915.024822612,2336.073804361,""
ur10,6,2099586703,1,0.1,4,0,0,151.273564152,13.427582685,40,35.686421,0.163053185,-0.007440448,-0.011686144,88,14,0.30461622,2.153428024,91439.196209374,5179.816488915,""
ur10,6,2099586702,2,0.1,4,0,0,118.950415681,1.933023995,40,35.348727,0.207887386,-0.005766124,-0.005766124,15,2,0.186902175,2.180388943,124455.712114418,6139.253986124,""
ur10,6,2099586955,0,0.1,8,0,0,255.385460558,0.019223307,40,35.188628,-0.036278378,0.006010921,-0.076066098,118,55,0.374016194,2.286003768,46915.344186961,4062.248618642,""
ur10,6,2099586954,1,0.1,8,0,0,244.072440773,1.067059768,40,37.154648,0.140856094,0.028829556,-0.035964642,105,16,0.442897607,2.268345368,70821.119852617,4044.932143469,""
ur10,6,2099586997,2,0.1,8,0,0,331.556519085,0.738273038,40,36.613141,0.001101179,-0.019254917,-0.100560096,175,89,0.294414873,2.22197765,32759.788950998,2071.784322263,""
ur10,6,2099586700,0,0.15,4,0,0,37.706788828,0.41844144,40,35.954967,-0.03602888,0.112404514,-0.081577518,136,31,0.152731856,1.988183472,43461.240794868,1811.589965519,""
ur10,6,2099586703,1,0.15,4,0,0,121.243328269,10.760134923,40,35.091497,0.163053185,-0.007288272,-0.011860565,149,13,0.323476317,2.386255755,161103.171203673,5148.310767483,""
ur10,6,2099586702,2,0.15,4,0,0,89.372606198,0.006479431,40,32.607933,0.207887386,0.045379362,0.045379362,23,0,0.196416922,1.872615004,23582.43599153,3101.541757562,""
ur10,6,2099586955,0,0.15,8,0,0,206.957615067,1.267885532,40,35.281867,-0.036278378,0.000523608,-0.068532624,165,56,0.362624825,2.220865124,23867.025211478,5236.364733819,""
ur10,6,2099586954,1,0.15,8,0,0,194.533252523,0.267117302,40,34.33369,0.140856094,0.011592754,-0.089737438,162,42,0.42986363,2.287042294,106396.408906292,8405.21855492,""
ur10,6,2099586997,2,0.15,8,0,0,272.026606364,0.423127944,40,36.302963,0.001101179,-0.019798592,-0.1061635,190,94,0.285878275,2.151918446,29668.543838812,1851.705154619,""
