case_name,cycles_file,summary_file,num_cycles,dt_estimate_s,tracking_rmse,tracking_mean,tracking_p95,velocity_rmse,solve_time_mean_ms,solve_time_p95_ms,torque_ratio_mean,torque_ratio_p95,failure_rate,accel_rms_norm,jerk_rms_norm_from_dq,jerk_rms_norm_from_q,torque_rate_rms_norm,effort_rate_rms_norm,robot,backend,plant_mass_scale,plant_payload_mass,controller_payload_mass,model_payload,plant_payload_com,controller_payload_com,payload_com_attachment,external_force_body_name,external_force_start_s,external_force_duration_s,external_force,external_torque
com_01cm_x_tetrapga,/home/chenwh/ros2_ws/src/TetraPGA-preview/reviewer_revision_experiments/06_mujoco_robustness_expanded_sweep/paper_scale/batch_20260626_233107/com_01cm_x_tetrapga_cycles.csv,/home/chenwh/ros2_ws/src/TetraPGA-preview/reviewer_revision_experiments/06_mujoco_robustness_expanded_sweep/paper_scale/batch_20260626_233107/com_01cm_x_tetrapga_summary.csv,919,0.020326162,0.200950029,0.196296097,0.255158333,0.192502797,17.4514604,23.9008459,0.134529112,0.298371936,0,3.67592816,292.465649,974.979243,814.181906,1429.6265,ur,tetrapga,1,5,5,1,0.01 0 0.050000000000000003,0 0 0.050000000000000003,0 0 0.050000000000000003,wrist_3_link,-1,0,0 0 0,0 0 0
com_01cm_y_tetrapga,/home/chenwh/ros2_ws/src/TetraPGA-preview/reviewer_revision_experiments/06_mujoco_robustness_expanded_sweep/paper_scale/batch_20260626_233107/com_01cm_y_tetrapga_cycles.csv,/home/chenwh/ros2_ws/src/TetraPGA-preview/reviewer_revision_experiments/06_mujoco_robustness_expanded_sweep/paper_scale/batch_20260626_233107/com_01cm_y_tetrapga_summary.csv,920,0.021000714,0.199472224,0.194993857,0.26043972,0.188726869,17.4070062,22.5318619,0.131171457,0.281797298,0,3.56511289,274.314077,828.397893,801.587697,1405.26166,ur,tetrapga,1,5,5,1,0 0.01 0.050000000000000003,0 0 0.050000000000000003,0 0 0.050000000000000003,wrist_3_link,-1,0,0 0 0,0 0 0
com_01cm_z_tetrapga,/home/chenwh/ros2_ws/src/TetraPGA-preview/reviewer_revision_experiments/06_mujoco_robustness_expanded_sweep/paper_scale/batch_20260626_233107/com_01cm_z_tetrapga_cycles.csv,/home/chenwh/ros2_ws/src/TetraPGA-preview/reviewer_revision_experiments/06_mujoco_robustness_expanded_sweep/paper_scale/batch_20260626_233107/com_01cm_z_tetrapga_summary.csv,921,0.020924018,0.199335371,0.194333437,0.265525082,0.190242666,17.3509255,23.936405,0.12972389,0.294611948,0,3.62450744,271.885853,980.6709,807.386421,1417.13546,ur,tetrapga,1,5,5,1,0 0 0.060000000000000005,0 0 0.050000000000000003,0 0 0.050000000000000003,wrist_3_link,-1,0,0 0 0,0 0 0
com_02cm_x_tetrapga,/home/chenwh/ros2_ws/src/TetraPGA-preview/reviewer_revision_experiments/06_mujoco_robustness_expanded_sweep/paper_scale/batch_20260626_233107/com_02cm_x_tetrapga_cycles.csv,/home/chenwh/ros2_ws/src/TetraPGA-preview/reviewer_revision_experiments/06_mujoco_robustness_expanded_sweep/paper_scale/batch_20260626_233107/com_02cm_x_tetrapga_summary.csv,918,0.020896079,0.200082394,0.195623943,0.25650538,0.192899628,17.4541821,23.0850605,0.138808219,0.30628881,0,4.03381704,308.373346,863.690139,816.253845,1569.78337,ur,tetrapga,1,5,5,1,0.02 0 0.050000000000000003,0 0 0.050000000000000003,0 0 0.050000000000000003,wrist_3_link,-1,0,0 0 0,0 0 0
com_02cm_y_tetrapga,/home/chenwh/ros2_ws/src/TetraPGA-preview/reviewer_revision_experiments/06_mujoco_robustness_expanded_sweep/paper_scale/batch_20260626_233107/com_02cm_y_tetrapga_cycles.csv,/home/chenwh/ros2_ws/src/TetraPGA-preview/reviewer_revision_experiments/06_mujoco_robustness_expanded_sweep/paper_scale/batch_20260626_233107/com_02cm_y_tetrapga_summary.csv,931,0.020983357,0.195835305,0.191018914,0.244760341,0.185352481,17.1061053,22.5222925,0.128137871,0.270448691,0,3.28769971,248.677506,964.909851,765.906707,1207.80633,ur,tetrapga,1,5,5,1,0 0.02 0.050000000000000003,0 0 0.050000000000000003,0 0 0.050000000000000003,wrist_3_link,-1,0,0 0 0,0 0 0
com_02cm_z_tetrapga,/home/chenwh/ros2_ws/src/TetraPGA-preview/reviewer_revision_experiments/06_mujoco_robustness_expanded_sweep/paper_scale/batch_20260626_233107/com_02cm_z_tetrapga_cycles.csv,/home/chenwh/ros2_ws/src/TetraPGA-preview/reviewer_revision_experiments/06_mujoco_robustness_expanded_sweep/paper_scale/batch_20260626_233107/com_02cm_z_tetrapga_summary.csv,929,0.0209314,0.198953103,0.194122037,0.260677779,0.190724712,17.204518,22.5342688,0.131886794,0.270077849,0,3.58675262,270.582654,961.309213,796.580445,1371.88437,ur,tetrapga,1,5,5,1,0 0 0.070000000000000007,0 0 0.050000000000000003,0 0 0.050000000000000003,wrist_3_link,-1,0,0 0 0,0 0 0
com_05cm_x_tetrapga,/home/chenwh/ros2_ws/src/TetraPGA-preview/reviewer_revision_experiments/06_mujoco_robustness_expanded_sweep/paper_scale/batch_20260626_233107/com_05cm_x_tetrapga_cycles.csv,/home/chenwh/ros2_ws/src/TetraPGA-preview/reviewer_revision_experiments/06_mujoco_robustness_expanded_sweep/paper_scale/batch_20260626_233107/com_05cm_x_tetrapga_summary.csv,922,0.02088733,0.20252896,0.196943529,0.271954547,0.19053655,17.3932846,22.534433,0.145732798,0.343561614,0,3.92730086,311.229945,882.065866,835.089635,1592.85837,ur,tetrapga,1,5,5,1,0.050000000000000003 0 0.050000000000000003,0 0 0.050000000000000003,0 0 0.050000000000000003,wrist_3_link,-1,0,0 0 0,0 0 0
com_05cm_y_tetrapga,/home/chenwh/ros2_ws/src/TetraPGA-preview/reviewer_revision_experiments/06_mujoco_robustness_expanded_sweep/paper_scale/batch_20260626_233107/com_05cm_y_tetrapga_cycles.csv,/home/chenwh/ros2_ws/src/TetraPGA-preview/reviewer_revision_experiments/06_mujoco_robustness_expanded_sweep/paper_scale/batch_20260626_233107/com_05cm_y_tetrapga_summary.csv,935,0.0208772565,0.192979717,0.18836456,0.241817871,0.183017068,16.9396515,22.5268475,0.139105919,0.285876015,0,3.26428201,247.472022,1296.05057,784.808094,1254.56059,ur,tetrapga,1,5,5,1,0 0.050000000000000003 0.050000000000000003,0 0 0.050000000000000003,0 0 0.050000000000000003,wrist_3_link,-1,0,0 0 0,0 0 0
com_05cm_z_tetrapga,/home/chenwh/ros2_ws/src/TetraPGA-preview/reviewer_revision_experiments/06_mujoco_robustness_expanded_sweep/paper_scale/batch_20260626_233107/com_05cm_z_tetrapga_cycles.csv,/home/chenwh/ros2_ws/src/TetraPGA-preview/reviewer_revision_experiments/06_mujoco_robustness_expanded_sweep/paper_scale/batch_20260626_233107/com_05cm_z_tetrapga_summary.csv,923,0.02094632,0.198681428,0.194195461,0.246073011,0.193667999,17.4536789,22.5697267,0.139621477,0.307037741,0,3.95575997,300.214454,858.327764,810.160526,1516.83445,ur,tetrapga,1,5,5,1,0 0 0.10000000000000001,0 0 0.050000000000000003,0 0 0.050000000000000003,wrist_3_link,-1,0,0 0 0,0 0 0
external_10N_tetrapga,/home/chenwh/ros2_ws/src/TetraPGA-preview/reviewer_revision_experiments/06_mujoco_robustness_expanded_sweep/paper_scale/batch_20260626_233107/external_10N_tetrapga_cycles.csv,/home/chenwh/ros2_ws/src/TetraPGA-preview/reviewer_revision_experiments/06_mujoco_robustness_expanded_sweep/paper_scale/batch_20260626_233107/external_10N_tetrapga_summary.csv,979,0.0199991985,0.192163573,0.186643697,0.26020963,0.216542847,15.6995906,19.3022212,0.130542321,0.2332305,0,7.85463398,632.651035,1405.28542,762.074482,1751.45349,ur,tetrapga,1,0,0,0,0 0 0.050000000000000003,0 0 0.050000000000000003,0 0 0.050000000000000003,wrist_3_link,8,0.04,10 0 0,0 0 0
external_5N_tetrapga,/home/chenwh/ros2_ws/src/TetraPGA-preview/reviewer_revision_experiments/06_mujoco_robustness_expanded_sweep/paper_scale/batch_20260626_233107/external_5N_tetrapga_cycles.csv,/home/chenwh/ros2_ws/src/TetraPGA-preview/reviewer_revision_experiments/06_mujoco_robustness_expanded_sweep/paper_scale/batch_20260626_233107/external_5N_tetrapga_summary.csv,974,0.019999747,0.195475216,0.189379537,0.252684496,0.223439875,15.815668,19.8033328,0.141285065,0.453446017,0,7.3793513,579.012157,1278.64201,785.180867,1816.47028,ur,tetrapga,1,0,0,0,0 0 0.050000000000000003,0 0 0.050000000000000003,0 0 0.050000000000000003,wrist_3_link,8,0.04,5 0 0,0 0 0
mass_070_tetrapga,/home/chenwh/ros2_ws/src/TetraPGA-preview/reviewer_revision_experiments/06_mujoco_robustness_expanded_sweep/paper_scale/batch_20260626_233107/mass_070_tetrapga_cycles.csv,/home/chenwh/ros2_ws/src/TetraPGA-preview/reviewer_revision_experiments/06_mujoco_robustness_expanded_sweep/paper_scale/batch_20260626_233107/mass_070_tetrapga_summary.csv,972,0.020000481,0.195251506,0.190153143,0.24392164,0.233327221,15.954498,19.7619353,0.131422958,1,0,8.61001267,657.78995,1031.04906,738.593568,1611.14791,ur,tetrapga,0.7,0,0,0,0 0 0.050000000000000003,0 0 0.050000000000000003,0 0 0.050000000000000003,wrist_3_link,-1,0,0 0 0,0 0 0
mass_080_tetrapga,/home/chenwh/ros2_ws/src/TetraPGA-preview/reviewer_revision_experiments/06_mujoco_robustness_expanded_sweep/paper_scale/batch_20260626_233107/mass_080_tetrapga_cycles.csv,/home/chenwh/ros2_ws/src/TetraPGA-preview/reviewer_revision_experiments/06_mujoco_robustness_expanded_sweep/paper_scale/batch_20260626_233107/mass_080_tetrapga_summary.csv,972,0.020000358,0.194211666,0.189537581,0.252202224,0.235336183,16.0182837,19.7725161,0.135110603,1,0,9.25610618,729.416494,1141.08041,735.74301,1725.29157,ur,tetrapga,0.8,0,0,0,0 0 0.050000000000000003,0 0 0.050000000000000003,0 0 0.050000000000000003,wrist_3_link,-1,0,0 0 0,0 0 0
mass_090_tetrapga,/home/chenwh/ros2_ws/src/TetraPGA-preview/reviewer_revision_experiments/06_mujoco_robustness_expanded_sweep/paper_scale/batch_20260626_233107/mass_090_tetrapga_cycles.csv,/home/chenwh/ros2_ws/src/TetraPGA-preview/reviewer_revision_experiments/06_mujoco_robustness_expanded_sweep/paper_scale/batch_20260626_233107/mass_090_tetrapga_summary.csv,978,0.020000352,0.191728995,0.1874248,0.246484984,0.230285139,15.766992,19.7380912,0.137854628,1,0,8.79587104,686.828535,1327.57973,780.539295,1817.34728,ur,tetrapga,0.9,0,0,0,0 0 0.050000000000000003,0 0 0.050000000000000003,0 0 0.050000000000000003,wrist_3_link,-1,0,0 0 0,0 0 0
mass_110_tetrapga,/home/chenwh/ros2_ws/src/TetraPGA-preview/reviewer_revision_experiments/06_mujoco_robustness_expanded_sweep/paper_scale/batch_20260626_233107/mass_110_tetrapga_cycles.csv,/home/chenwh/ros2_ws/src/TetraPGA-preview/reviewer_revision_experiments/06_mujoco_robustness_expanded_sweep/paper_scale/batch_20260626_233107/mass_110_tetrapga_summary.csv,965,0.0200000875,0.198141182,0.191800205,0.260036117,0.233851689,16.0181006,21.0068116,0.155794346,1,0,8.45659372,661.270755,1166.15148,753.001201,1864.92556,ur,tetrapga,1.1,0,0,0,0 0 0.050000000000000003,0 0 0.050000000000000003,0 0 0.050000000000000003,wrist_3_link,-1,0,0 0 0,0 0 0
mass_120_tetrapga,/home/chenwh/ros2_ws/src/TetraPGA-preview/reviewer_revision_experiments/06_mujoco_robustness_expanded_sweep/paper_scale/batch_20260626_233107/mass_120_tetrapga_cycles.csv,/home/chenwh/ros2_ws/src/TetraPGA-preview/reviewer_revision_experiments/06_mujoco_robustness_expanded_sweep/paper_scale/batch_20260626_233107/mass_120_tetrapga_summary.csv,973,0.01993171,0.198160435,0.193635118,0.255306081,0.222385966,16.1702478,20.9827124,0.149014322,0.346771028,0,7.09677752,551.242707,1048.76903,786.549997,2063.98817,ur,tetrapga,1.2,0,0,0,0 0 0.050000000000000003,0 0 0.050000000000000003,0 0 0.050000000000000003,wrist_3_link,-1,0,0 0 0,0 0 0
mass_130_tetrapga,/home/chenwh/ros2_ws/src/TetraPGA-preview/reviewer_revision_experiments/06_mujoco_robustness_expanded_sweep/paper_scale/batch_20260626_233107/mass_130_tetrapga_cycles.csv,/home/chenwh/ros2_ws/src/TetraPGA-preview/reviewer_revision_experiments/06_mujoco_robustness_expanded_sweep/paper_scale/batch_20260626_233107/mass_130_tetrapga_summary.csv,985,0.01999978,0.192497802,0.188326851,0.241454645,0.213442279,15.5485448,18.3087412,0.146665571,0.307057044,0,7.01381334,561.215023,1409.38557,786.668081,1889.32526,ur,tetrapga,1.3,0,0,0,0 0 0.050000000000000003,0 0 0.050000000000000003,0 0 0.050000000000000003,wrist_3_link,-1,0,0 0 0,0 0 0
nominal_tetrapga,/home/chenwh/ros2_ws/src/TetraPGA-preview/reviewer_revision_experiments/06_mujoco_robustness_expanded_sweep/paper_scale/batch_20260626_233107/nominal_tetrapga_cycles.csv,/home/chenwh/ros2_ws/src/TetraPGA-preview/reviewer_revision_experiments/06_mujoco_robustness_expanded_sweep/paper_scale/batch_20260626_233107/nominal_tetrapga_summary.csv,983,0.020000041,0.192417875,0.187977049,0.245347602,0.226009576,15.7503184,19.1367391,0.14566492,0.569696405,0,8.66423895,684.641572,1366.03013,789.099401,1923.04267,ur,tetrapga,1,0,0,0,0 0 0.050000000000000003,0 0 0.050000000000000003,0 0 0.050000000000000003,wrist_3_link,-1,0,0 0 0,0 0 0
payload_2kg_ignored_tetrapga,/home/chenwh/ros2_ws/src/TetraPGA-preview/reviewer_revision_experiments/06_mujoco_robustness_expanded_sweep/paper_scale/batch_20260626_233107/payload_2kg_ignored_tetrapga_cycles.csv,/home/chenwh/ros2_ws/src/TetraPGA-preview/reviewer_revision_experiments/06_mujoco_robustness_expanded_sweep/paper_scale/batch_20260626_233107/payload_2kg_ignored_tetrapga_summary.csv,967,0.0199990375,0.200079972,0.194835194,0.254986217,0.216678447,16.1083243,19.7859415,0.148717214,0.327741571,0,6.97039514,566.075228,918.595213,783.20001,1936.32643,ur,tetrapga,1,2,0,0,0 0 0.050000000000000003,0 0 0.050000000000000003,0 0 0.050000000000000003,wrist_3_link,-1,0,0 0 0,0 0 0
payload_2kg_modeled_tetrapga,/home/chenwh/ros2_ws/src/TetraPGA-preview/reviewer_revision_experiments/06_mujoco_robustness_expanded_sweep/paper_scale/batch_20260626_233107/payload_2kg_modeled_tetrapga_cycles.csv,/home/chenwh/ros2_ws/src/TetraPGA-preview/reviewer_revision_experiments/06_mujoco_robustness_expanded_sweep/paper_scale/batch_20260626_233107/payload_2kg_modeled_tetrapga_summary.csv,964,0.019997972,0.195352426,0.190102576,0.245301721,0.200414165,16.2897309,21.0118384,0.129880856,0.287099681,0,4.92936713,383.990351,1048.05251,766.918991,1650.79304,ur,tetrapga,1,2,2,1,0 0 0.050000000000000003,0 0 0.050000000000000003,0 0 0.050000000000000003,wrist_3_link,-1,0,0 0 0,0 0 0
payload_5kg_ignored_tetrapga,/home/chenwh/ros2_ws/src/TetraPGA-preview/reviewer_revision_experiments/06_mujoco_robustness_expanded_sweep/paper_scale/batch_20260626_233107/payload_5kg_ignored_tetrapga_cycles.csv,/home/chenwh/ros2_ws/src/TetraPGA-preview/reviewer_revision_experiments/06_mujoco_robustness_expanded_sweep/paper_scale/batch_20260626_233107/payload_5kg_ignored_tetrapga_summary.csv,990,0.0199952,0.19578697,0.190311667,0.261712585,0.208812018,15.4743913,18.1609717,0.172196617,0.345556616,0,5.61095117,448.748632,1378.1419,851.570349,2173.29216,ur,tetrapga,1,5,0,0,0 0 0.050000000000000003,0 0 0.050000000000000003,0 0 0.050000000000000003,wrist_3_link,-1,0,0 0 0,0 0 0
payload_5kg_modeled_tetrapga,/home/chenwh/ros2_ws/src/TetraPGA-preview/reviewer_revision_experiments/06_mujoco_robustness_expanded_sweep/paper_scale/batch_20260626_233107/payload_5kg_modeled_tetrapga_cycles.csv,/home/chenwh/ros2_ws/src/TetraPGA-preview/reviewer_revision_experiments/06_mujoco_robustness_expanded_sweep/paper_scale/batch_20260626_233107/payload_5kg_modeled_tetrapga_summary.csv,914,0.02102442,0.200598493,0.195749552,0.264027698,0.192957449,17.5824968,22.5925411,0.143810541,0.310640998,0,3.54896354,264.241445,872.313239,783.836961,1383.93139,ur,tetrapga,1,5,5,1,0 0 0.050000000000000003,0 0 0.050000000000000003,0 0 0.050000000000000003,wrist_3_link,-1,0,0 0 0,0 0 0
